LOC	CHR	BLOCK_START	BLOCK_STOP	EXTERNAL_LEAD_SNP	EXTERNAL_P	EXTERNAL_SIGN	FINNGEN_LEAD_SNP	FINNGEN_P	FINNGEN_SIGN	SAME_SIGN
57	1	66778016	67761890	rs11209026	3.67140539638524e-12	negative	rs11465804	1.0190725959465e-07	positive	FALSE
154	1	200134006	201067952	rs169850	2.06639743920729e-10	positive	rs3861929	8.32390336559256e-10	positive	TRUE
159	1	205917549	208162951	rs3024493	2.8620522296978e-08	positive	rs3122605	1.23646103332548e-13	negative	FALSE
268	2	60775067	62429910	rs10191548	1.358608087015e-09	positive	rs10191951	7.63525498036024e-07	negative	FALSE
464	3	47588462	50387742	rs148734725	2.21365252090658e-11	negative	rs9862080	1.08712554980041e-24	negative	TRUE
887	5	130573818	132554690	rs12517950	1.36090791280322e-11	positive	rs12719454	2.61392263382456e-08	negative	FALSE
951	6	26396201	27261035	rs66462181	5.40467193617878e-10	positive	rs6940638	1.56288755083022e-07	positive	TRUE
952	6	27261036	28666364	rs401763	4.18705348833069e-14	positive	rs12174489	1.90521118156047e-07	positive	TRUE
957	6	30715007	31106493	rs1265099	2.19202552694167e-07	positive	rs2844637	9.84926349404975e-09	positive	TRUE
960	6	31320269	31427209	rs2523568	1.42964533932495e-13	positive	rs56044559	1.70887672126652e-08	positive	TRUE
961	6	31427210	32208901	rs148571474	4.43143208926875e-14	positive	rs492899	1.84310770898427e-09	positive	TRUE
962	6	32208902	32454577	rs144717024	1.84903645016083e-07	negative	rs9268951	5.27109687408308e-14	negative	TRUE
964	6	32539568	32586784	rs2760994	1.4661907615306e-08	positive	rs28366327	2.23062644856401e-12	negative	FALSE
965	6	32586785	32629239	rs9271549	1.10643802030603e-08	negative	rs9271580	2.05454120461773e-14	negative	TRUE
966	6	32629240	32682213	rs1130399	9.4747128487816e-08	negative	rs3830060	5.58583767529117e-12	negative	TRUE
967	6	32682214	32897998	rs114595701	1.70316215783175e-13	positive	rs3104407	1.51000316398401e-09	negative	FALSE
968	6	32897999	33194975	rs57651384	2.54422905229759e-11	positive	rs3130192	8.8750043948903e-08	positive	TRUE
1579	10	101271452	102509298	rs10883361	2.62137493941049e-07	positive	rs6584283	3.31904060948222e-12	negative	FALSE
