pair_id	LOC	CHR	BLOCK_START	BLOCK_STOP	MHC	LEAD_SNP	LEAD_BP	LEAD_P_PLACO	LEAD_Q_BH	LEAD_Z_DEP	LEAD_Z_IBD	LEAD_Z_PRODUCT	PRODUCT_SIGN	N_VARIANTS_P_LT_1E6	GWS_LOCUS
External_Howard_deLange	908	5	158484776	159663733	FALSE	rs60689680	158834367	2.08632556697911e-17	2.85109210153153e-11	-4.223	10.655	-44.996065	negative	30	TRUE
External_Howard_deLange	1545	10	64069688	65400431	FALSE	rs10822050	64438771	4.13326727729466e-16	1.33389193145543e-10	3.679	-11.255	-41.407145	negative	119	TRUE
External_Howard_deLange	151	1	196179111	197935821	FALSE	rs2477077	197671115	1.29060696766699e-14	2.27878570355121e-09	-5.644	6.605	-37.27862	negative	108	TRUE
External_Howard_deLange	952	6	27261036	28666364	TRUE	rs401763	27782528	4.18705348833069e-14	4.84410330194156e-09	8.301	4.321	35.868621	positive	187	TRUE
External_Howard_deLange	961	6	31427210	32208901	TRUE	rs148571474	31672712	4.43143208926875e-14	5.03188949609352e-09	2.578	13.887	35.800686	positive	35	TRUE
External_Howard_deLange	2133	16	50467034	52041336	FALSE	rs2066844	50745926	6.78206385693891e-14	7.29571357674817e-09	2.717	12.989	35.291113	positive	41	TRUE
External_Howard_deLange	960	6	31320269	31427209	TRUE	rs2523568	31329932	1.42964533932495e-13	1.28914021586002e-08	-6.085	-5.653	34.398505	positive	7	TRUE
External_Howard_deLange	967	6	32682214	32897998	TRUE	rs114595701	32807490	1.70316215783175e-13	1.49189657097895e-08	-5.255	-6.506	34.18903	positive	43	TRUE
External_Howard_deLange	57	1	66778016	67761890	FALSE	rs11209026	67705958	3.67140539638524e-12	2.27393425517218e-07	1.363	-22.391	-30.518933	negative	60	TRUE
External_Howard_deLange	2408	20	44072211	45673603	FALSE	rs6131010	44724305	9.73026727467645e-12	5.06203132185336e-07	6.309	4.653	29.355777	positive	18	TRUE
External_Howard_deLange	887	5	130573818	132554690	FALSE	rs12517950	131731326	1.36090791280322e-11	6.47132913777037e-07	-2.667	-10.857	28.955619	positive	98	TRUE
External_Howard_deLange	464	3	47588462	50387742	FALSE	rs148734725	49406708	2.21365252090658e-11	9.49192219240407e-07	-2.51	11.305	-28.37555	negative	351	TRUE
External_Howard_deLange	968	6	32897999	33194975	TRUE	rs57651384	32923849	2.54422905229759e-11	1.07589270286311e-06	-4.251	-6.636	28.209636	positive	2	TRUE
External_Howard_deLange	2281	18	52512524	53762996	FALSE	rs7236656	53107115	3.1063190199087e-11	1.2449026223357e-06	-6.457	-4.332	27.971724	positive	40	TRUE
External_Howard_deLange	2203	17	37361179	38880481	FALSE	rs8069176	38057197	8.12652862608375e-11	2.29628660476961e-06	-2.531	10.599	-26.826069	negative	157	TRUE
External_Howard_deLange	154	1	200134006	201067952	FALSE	rs169850	200929144	2.06639743920729e-10	4.69278705377499e-06	-2.966	-8.67	25.71522	positive	52	TRUE
External_Howard_deLange	951	6	26396201	27261035	TRUE	rs66462181	27091661	5.40467193617878e-10	9.77575696216034e-06	7.48	3.285	24.5718	positive	71	TRUE
External_Howard_deLange	268	2	60775067	62429910	FALSE	rs10191548	61197395	1.358608087015e-09	2.0368152787124e-05	2.179	10.774	23.476546	positive	33	TRUE
External_Howard_deLange	1377	9	4596615	5437591	FALSE	rs36051895	4981866	3.75093470922647e-09	4.30704098402519e-05	-1.98	11.248	-22.27104	negative	3	TRUE
External_Howard_deLange	965	6	32586785	32629239	TRUE	rs9271549	32590248	1.10643802030603e-08	0.000104374519942069	-1.613	13.012	-20.988356	negative	11	TRUE
External_Howard_deLange	964	6	32539568	32586784	TRUE	rs2760994	32574308	1.4661907615306e-08	0.000132404108396107	-1.845	-11.195	20.654775	positive	6	TRUE
External_Howard_deLange	1875	13	31433219	32986686	FALSE	rs12427851	31814464	1.50663439243373e-08	0.000135496756004661	-6.206	-3.323	20.622538	positive	13	TRUE
External_Howard_deLange	1192	7	106399740	107658603	FALSE	rs13234982	107478361	1.55852856804874e-08	0.000139306508799524	-2.687	-7.66	20.58242	positive	11	TRUE
External_Howard_deLange	62	1	72513120	73992170	FALSE	rs10889997	73366368	1.95819742465251e-08	0.000167462695011812	-6.312	-3.218	20.312016	positive	57	TRUE
External_Howard_deLange	950	6	25684630	26396200	TRUE	rs34661691	26173478	2.67009184999959e-08	0.000217715383729505	5.289	3.771	19.944819	positive	20	TRUE
External_Howard_deLange	998	6	66445496	67036787	FALSE	rs6455092	66961914	2.77276575628467e-08	0.000223707397924726	5.294	3.759	19.900146	positive	44	TRUE
External_Howard_deLange	159	1	205917549	208162951	FALSE	rs3024493	206943968	2.8620522296978e-08	0.000228971079838775	1.712	11.602	19.862624	positive	5	TRUE
External_Howard_deLange	248	2	43295777	44104110	FALSE	rs6715059	43532106	4.95139969435201e-08	0.000356793244462837	3.294	5.833	19.213902	positive	7	TRUE
FinnGen_DEP_IBD	464	3	47588462	50387742	FALSE	rs9862080	49674458	1.08712554980041e-24	1.10585494821587e-18	-5.295	12.342	-65.35089	negative	459	TRUE
FinnGen_DEP_IBD	965	6	32586785	32629239	TRUE	rs9271580	32590641	2.05454120461773e-14	1.47567667673334e-09	2.97	-12.294	-36.51318	negative	108	TRUE
FinnGen_DEP_IBD	465	3	50387743	51953968	FALSE	rs7613681	50438793	3.18907089147851e-14	2.24181878974263e-09	5.167	-6.964	-35.982988	negative	24	TRUE
FinnGen_DEP_IBD	962	6	32208902	32454577	TRUE	rs9268951	32433907	5.27109687408308e-14	3.62822281419991e-09	3.576	-9.893	-35.377368	negative	100	TRUE
FinnGen_DEP_IBD	159	1	205917549	208162951	FALSE	rs3122605	206955041	1.23646103332548e-13	8.33716781957432e-09	3.038	-11.307	-34.350666	negative	13	TRUE
FinnGen_DEP_IBD	1100	7	4938443	6020653	FALSE	rs12672490	5353932	1.08595912932041e-12	3.16685633234029e-08	-1.979	16.038	-31.739202	negative	57	TRUE
FinnGen_DEP_IBD	964	6	32539568	32586784	TRUE	rs28366327	32561678	2.23062644856401e-12	6.31043088582367e-08	3.095	-9.976	-30.87572	negative	55	TRUE
FinnGen_DEP_IBD	956	6	30070718	30715006	TRUE	rs2516714	30226304	2.69746373072482e-12	7.36553729684197e-08	-3.951	-7.757	30.647907	positive	48	TRUE
FinnGen_DEP_IBD	1579	10	101271452	102509298	FALSE	rs6584283	101290301	3.31904060948222e-12	8.91541664749766e-08	3.066	-9.915	-30.39939	negative	82	TRUE
FinnGen_DEP_IBD	963	6	32454578	32539567	TRUE	rs71549254	32501887	4.59574350365477e-12	1.218292440976e-07	3.144	-9.545	-30.00948	negative	2	TRUE
FinnGen_DEP_IBD	966	6	32629240	32682213	TRUE	rs3830060	32633971	5.58583767529117e-12	1.43064799297562e-07	2.737	-10.879	-29.775823	negative	108	TRUE
FinnGen_DEP_IBD	955	6	29833844	30070717	TRUE	rs9260028	29907217	4.61511310383952e-11	9.53008020159541e-07	3.519	7.744	27.251136	positive	288	TRUE
FinnGen_DEP_IBD	1671	11	60515106	61717117	FALSE	rs174581	61606683	2.47354209428983e-10	3.71476045768655e-06	4.695	5.378	25.24971	positive	59	TRUE
FinnGen_DEP_IBD	954	6	29529756	29833843	TRUE	rs2734975	29833253	4.12652770344829e-10	5.80164421349376e-06	2.957	8.333	24.640681	positive	71	TRUE
FinnGen_DEP_IBD	154	1	200134006	201067952	FALSE	rs3861929	201025850	8.32390336559256e-10	1.03018677722049e-05	3.419	6.963	23.806497	positive	49	TRUE
FinnGen_DEP_IBD	967	6	32682214	32897998	TRUE	rs3104407	32682452	1.51000316398401e-09	1.56886265995672e-05	3.483	-6.632	-23.099256	negative	20	TRUE
FinnGen_DEP_IBD	961	6	31427210	32208901	TRUE	rs492899	31933518	1.84310770898427e-09	1.87370641605877e-05	-4.279	-5.343	22.862697	positive	49	TRUE
FinnGen_DEP_IBD	957	6	30715007	31106493	TRUE	rs2844637	31072300	9.84926349404975e-09	7.78505461533849e-05	-3.96	-5.272	20.87712	positive	84	TRUE
FinnGen_DEP_IBD	1097	7	2473750	3100211	FALSE	rs798514	2781892	1.06664463382044e-08	8.13890624585806e-05	-3.337	-6.228	20.782836	positive	56	TRUE
FinnGen_DEP_IBD	960	6	31320269	31427209	TRUE	rs56044559	31321110	1.70887672126652e-08	0.000123843244200126	-3.409	-5.933	20.225597	positive	21	TRUE
FinnGen_DEP_IBD	901	5	151892618	152878627	FALSE	rs34021572	152509552	1.96561640921035e-08	0.000141027343020647	-5.338	-3.758	20.060204	positive	16	TRUE
FinnGen_DEP_IBD	887	5	130573818	132554690	FALSE	rs12719454	131623684	2.61392263382456e-08	0.000177518685767711	-3.754	5.254	-19.723516	negative	69	TRUE
FinnGen_DEP_IBD	2205	17	40233546	42348003	FALSE	rs12937642	40525760	3.24342612165356e-08	0.000212127031944241	-2.898	-6.718	19.468764	positive	16	TRUE
