SNP	EA	OA	Z_DEP	Z_IBD	P_DEP	P_IBD	Z_PRODUCT	PRODUCT_SIGN	P_PLACO_PLUS	Q_BH_GENOMEWIDE	SOURCE_LOC	SOURCE_PAIR	PAIR_ID	FOUND	i.EA	i.OA	i.Z_DEP	i.Z_IBD	i.P_DEP	i.P_IBD	i.Z_PRODUCT	i.PRODUCT_SIGN	METHOD	VAR_Z_DEP	VAR_Z_IBD	COR_Z	P_PLACO	P_PLACO_PLUS_TARGETED
rs60689680	T	G	-4.223	10.655	2.41071819904e-05	1.65244665177e-26	-44.996065	negative	3.88508090264752e-17	5.24507858856768e-11	908	External_Howard_deLange	External_Howard_deLange	TRUE	T	G	-4.223	10.655	2.41071819904e-05	1.65244665177e-26	-44.996065	negative	placo	1.50652483925148	1.4231247888455	0.0338186677289118	2.08632556697911e-17	3.88508090264752e-17
rs10822050	T	C	3.679	-11.255	0.000234150268091	2.18826108381e-29	-41.407145	negative	7.1023071455643e-16	2.29206329051802e-10	1545	External_Howard_deLange	External_Howard_deLange	TRUE	T	C	3.679	-11.255	0.000234150268091	2.18826108381e-29	-41.407145	negative	placo	1.50652483925148	1.4231247888455	0.0338186677289118	4.13326727729466e-16	7.1023071455643e-16
rs2477077	T	C	-5.644	6.605	1.6614407298e-08	3.97517344307e-11	-37.27862	negative	2.02940451283212e-14	3.58255482250055e-09	151	External_Howard_deLange	External_Howard_deLange	TRUE	T	C	-5.644	6.605	1.6614407298e-08	3.97517344307e-11	-37.27862	negative	placo	1.50652483925148	1.4231247888455	0.0338186677289118	1.29060696766699e-14	2.02940451283212e-14
rs401763	T	C	8.301	4.321	1.03238693876e-16	1.55323673855e-05	35.868621	positive	6.3941411190787e-14	7.39753628520239e-09	952	External_Howard_deLange	External_Howard_deLange	TRUE	T	C	8.301	4.321	1.03238693876e-16	1.55323673855e-05	35.868621	positive	placo	1.50652483925148	1.4231247888455	0.0338186677289118	4.18705348833069e-14	6.3941411190787e-14
rs148571474	T	C	2.578	13.887	0.0099373997962	7.59503876874e-44	35.800686	positive	6.75790783176715e-14	7.67360184004277e-09	961	External_Howard_deLange	External_Howard_deLange	TRUE	T	C	2.578	13.887	0.0099373997962	7.59503876874e-44	35.800686	positive	placo	1.50652483925148	1.4231247888455	0.0338186677289118	4.43143208926875e-14	6.75790783176715e-14
rs2066844	T	C	2.717	12.989	0.00658766076963	1.41260711323e-38	35.291113	positive	1.02354570704543e-13	1.1010654675086e-08	2133	External_Howard_deLange	External_Howard_deLange	TRUE	T	C	2.717	12.989	0.00658766076963	1.41260711323e-38	35.291113	positive	placo	1.50652483925148	1.4231247888455	0.0338186677289118	6.78206385693891e-14	1.02354570704543e-13
rs2523568	A	G	-6.085	-5.653	1.16491310472e-09	1.57671306687e-08	34.398505	positive	2.11901999238407e-13	1.91076333077374e-08	960	External_Howard_deLange	External_Howard_deLange	TRUE	A	G	-6.085	-5.653	1.16491310472e-09	1.57671306687e-08	34.398505	positive	placo	1.50652483925148	1.4231247888455	0.0338186677289118	1.42964533932495e-13	2.11901999238407e-13
rs114595701	T	C	-5.255	-6.506	1.48024471356e-07	7.71782258087e-11	34.18903	positive	2.51384804039443e-13	2.20202242879864e-08	967	External_Howard_deLange	External_Howard_deLange	TRUE	T	C	-5.255	-6.506	1.48024471356e-07	7.71782258087e-11	34.18903	positive	placo	1.50652483925148	1.4231247888455	0.0338186677289118	1.70316215783175e-13	2.51384804039443e-13
rs11209026	A	G	1.363	-22.391	0.172882510612	4.81660652459e-111	-30.518933	negative	5.04673178432377e-12	3.12576113014894e-07	57	External_Howard_deLange	External_Howard_deLange	TRUE	A	G	1.363	-22.391	0.172882510612	4.81660652459e-111	-30.518933	negative	placo	1.50652483925148	1.4231247888455	0.0338186677289118	3.67140539638524e-12	5.04673178432377e-12
rs6131010	A	G	6.309	4.653	2.80844118567e-10	3.27140247971e-06	29.355777	positive	1.30903264796214e-11	6.80988217682394e-07	2408	External_Howard_deLange	External_Howard_deLange	TRUE	A	G	6.309	4.653	2.80844118567e-10	3.27140247971e-06	29.355777	positive	placo	1.50652483925148	1.4231247888455	0.0338186677289118	9.73026727467645e-12	1.30903264796214e-11
rs12517950	A	G	-2.667	-10.857	0.00765316718689	1.84718128022e-27	28.955619	positive	1.81754907482031e-11	8.64265424677594e-07	887	External_Howard_deLange	External_Howard_deLange	TRUE	A	G	-2.667	-10.857	0.00765316718689	1.84718128022e-27	28.955619	positive	placo	1.50652483925148	1.4231247888455	0.0338186677289118	1.36090791280322e-11	1.81754907482031e-11
rs148734725	A	G	-2.51	11.305	0.0120731161608	1.23954162828e-29	-28.37555	negative	2.92567722168692e-11	1.25450134047995e-06	464	External_Howard_deLange	External_Howard_deLange	TRUE	A	G	-2.51	11.305	0.0120731161608	1.23954162828e-29	-28.37555	negative	placo	1.50652483925148	1.4231247888455	0.0338186677289118	2.21365252090658e-11	2.92567722168692e-11
rs57651384	A	G	-4.251	-6.636	2.12818168098e-05	3.2230984047e-11	28.209636	positive	3.3526315964552e-11	1.4177465141187e-06	968	External_Howard_deLange	External_Howard_deLange	TRUE	A	G	-4.251	-6.636	2.12818168098e-05	3.2230984047e-11	28.209636	positive	placo	1.50652483925148	1.4231247888455	0.0338186677289118	2.54422905229759e-11	3.3526315964552e-11
rs7236656	A	G	-6.457	-4.332	1.06798897688e-10	1.47760941888e-05	27.971724	positive	4.07603845618319e-11	1.63353182024193e-06	2281	External_Howard_deLange	External_Howard_deLange	TRUE	A	G	-6.457	-4.332	1.06798897688e-10	1.47760941888e-05	27.971724	positive	placo	1.50652483925148	1.4231247888455	0.0338186677289118	3.1063190199087e-11	4.07603845618319e-11
rs8069176	A	G	-2.531	10.599	0.0113737848595	3.01183393993e-26	-26.826069	negative	1.04518550570698e-10	2.95334648616242e-06	2203	External_Howard_deLange	External_Howard_deLange	TRUE	A	G	-2.531	10.599	0.0113737848595	3.01183393993e-26	-26.826069	negative	placo	1.50652483925148	1.4231247888455	0.0338186677289118	8.12652862608375e-11	1.04518550570698e-10
rs169850	T	C	-2.966	-8.67	0.00301700489522	4.3212038626e-18	25.71522	positive	2.60794642163109e-10	5.92264439171204e-06	154	External_Howard_deLange	External_Howard_deLange	TRUE	T	C	-2.966	-8.67	0.00301700489522	4.3212038626e-18	25.71522	positive	placo	1.50652483925148	1.4231247888455	0.0338186677289118	2.06639743920729e-10	2.60794642163109e-10
rs66462181	T	C	7.48	3.285	7.43226112841e-14	0.00101982371655	24.5718	positive	6.69362348825517e-10	1.21071615798487e-05	951	External_Howard_deLange	External_Howard_deLange	TRUE	T	C	7.48	3.285	7.43226112841e-14	0.00101982371655	24.5718	positive	placo	1.50652483925148	1.4231247888455	0.0338186677289118	5.40467193617878e-10	6.69362348825517e-10
rs10191548	A	G	2.179	10.774	0.029331668216	4.56717850836e-27	23.476546	positive	1.65343923274576e-09	2.47882396981631e-05	268	External_Howard_deLange	External_Howard_deLange	TRUE	A	G	2.179	10.774	0.029331668216	4.56717850836e-27	23.476546	positive	placo	1.50652483925148	1.4231247888455	0.0338186677289118	1.358608087015e-09	1.65343923274576e-09
rs36051895	T	G	-1.98	11.248	0.047703528683	2.36902950663e-29	-22.27104	negative	4.48089745137222e-09	5.14522658067118e-05	1377	External_Howard_deLange	External_Howard_deLange	TRUE	T	G	-1.98	11.248	0.047703528683	2.36902950663e-29	-22.27104	negative	placo	1.50652483925148	1.4231247888455	0.0338186677289118	3.75093470922647e-09	4.48089745137222e-09
rs9271549	T	C	-1.613	13.012	0.106744507789	1.04568972535e-38	-20.988356	negative	1.2969413202543e-08	0.000122345423069548	965	External_Howard_deLange	External_Howard_deLange	TRUE	T	C	-1.613	13.012	0.106744507789	1.04568972535e-38	-20.988356	negative	placo	1.50652483925148	1.4231247888455	0.0338186677289118	1.10643802030603e-08	1.2969413202543e-08
rs2760994	T	C	-1.845	-11.195	0.065037538612	4.31402250451e-29	20.654775	positive	1.71042614941201e-08	0.000154459743733392	964	External_Howard_deLange	External_Howard_deLange	TRUE	T	C	-1.845	-11.195	0.065037538612	4.31402250451e-29	20.654775	positive	placo	1.50652483925148	1.4231247888455	0.0338186677289118	1.4661907615306e-08	1.71042614941201e-08
rs12427851	A	G	-6.206	-3.323	5.43501779893e-10	0.000890549144573	20.622538	positive	1.75679928531408e-08	0.000157994170503076	1875	External_Howard_deLange	External_Howard_deLange	TRUE	A	G	-6.206	-3.323	5.43501779893e-10	0.000890549144573	20.622538	positive	placo	1.50652483925148	1.4231247888455	0.0338186677289118	1.50663439243373e-08	1.75679928531408e-08
rs13234982	A	G	-2.687	-7.66	0.00720969527465	1.85933083567e-14	20.58242	positive	1.81627248693578e-08	0.000162344524425644	1192	External_Howard_deLange	External_Howard_deLange	TRUE	A	G	-2.687	-7.66	0.00720969527465	1.85933083567e-14	20.58242	positive	placo	1.50652483925148	1.4231247888455	0.0338186677289118	1.55852856804874e-08	1.81627248693578e-08
rs10889997	A	G	-6.312	-3.218	2.75452227308e-10	0.00129087817862	20.312016	positive	2.27332098627796e-08	0.000194411684029548	62	External_Howard_deLange	External_Howard_deLange	TRUE	A	G	-6.312	-3.218	2.75452227308e-10	0.00129087817862	20.312016	positive	placo	1.50652483925148	1.4231247888455	0.0338186677289118	1.95819742465251e-08	2.27332098627796e-08
rs34661691	T	G	5.289	3.771	1.22986891312e-07	0.000162594673095	19.944819	positive	3.08390699281946e-08	0.000251457265160334	950	External_Howard_deLange	External_Howard_deLange	TRUE	T	G	5.289	3.771	1.22986891312e-07	0.000162594673095	19.944819	positive	placo	1.50652483925148	1.4231247888455	0.0338186677289118	2.67009184999959e-08	3.08390699281946e-08
rs6455092	T	C	5.294	3.759	1.19669432348e-07	0.00017059383781	19.900146	positive	3.2005103481925e-08	0.00025821793290778	998	External_Howard_deLange	External_Howard_deLange	TRUE	T	C	5.294	3.759	1.19669432348e-07	0.00017059383781	19.900146	positive	placo	1.50652483925148	1.4231247888455	0.0338186677289118	2.77276575628467e-08	3.2005103481925e-08
rs3024493	A	C	1.712	11.602	0.0868966684605	4.02558860941e-31	19.862624	positive	3.30185519767199e-08	0.000264153213448657	159	External_Howard_deLange	External_Howard_deLange	TRUE	A	C	1.712	11.602	0.0868966684605	4.02558860941e-31	19.862624	positive	placo	1.50652483925148	1.4231247888455	0.0338186677289118	2.8620522296978e-08	3.30185519767199e-08
rs6715059	T	C	3.294	5.833	0.000987724984689	5.44395681077e-09	19.213902	positive	5.66189636675134e-08	0.000407990411466698	248	External_Howard_deLange	External_Howard_deLange	TRUE	T	C	3.294	5.833	0.000987724984689	5.44395681077e-09	19.213902	positive	placo	1.50652483925148	1.4231247888455	0.0338186677289118	4.95139969435201e-08	5.66189636675134e-08
rs9862080	A	G	2.209	-12.078	0.0271746409048	1.38036471481e-33	-26.680302	negative	1.17833761522747e-10	3.18291206987446e-06	464	FinnGen_DEP_IBD	External_Howard_deLange	TRUE	A	G	2.209	-12.078	0.0271746409048	1.38036471481e-33	-26.680302	negative	placo	1.50652483925148	1.4231247888455	0.0338186677289118	9.18482525882017e-11	1.17833761522747e-10
rs7613681											465	FinnGen_DEP_IBD	External_Howard_deLange	TRUE	T	C	-1.804	4.476	0.071231306952	7.60544843229e-06	-8.074704	negative	placo	1.50652483925148	1.4231247888455	0.0338186677289118	0.000642622537435382	
rs3122605	A	G	-1.472	-11.383	0.141020877576	5.08208584356e-30	16.755776	positive	4.39249999479389e-07	0.00191970658824502	159	FinnGen_DEP_IBD	External_Howard_deLange	TRUE	A	G	-1.472	-11.383	0.141020877576	5.08208584356e-30	16.755776	positive	placo	1.50652483925148	1.4231247888455	0.0338186677289118	3.96370766244866e-07	4.39249999479389e-07
rs6584283	T	C	1.435	11.901	0.151287097598	1.16937418592e-32	17.077935	positive	3.35651329610107e-07	0.0015651046284925	1579	FinnGen_DEP_IBD	External_Howard_deLange	TRUE	T	C	1.435	11.901	0.151287097598	1.16937418592e-32	17.077935	positive	placo	1.50652483925148	1.4231247888455	0.0338186677289118	3.01703920806635e-07	3.35651329610107e-07
rs174581	A	G	3.38	3.626	0.000724858298066	0.000287845353055	12.25588	positive	1.91297267019495e-05	0.0275411380509252	1671	FinnGen_DEP_IBD	External_Howard_deLange	TRUE	A	G	3.38	3.626	0.000724858298066	0.000287845353055	12.25588	positive	placo	1.50652483925148	1.4231247888455	0.0338186677289118	1.81059597548045e-05	1.91297267019495e-05
rs3861929	T	C	2.365	7.861	0.018030070931	3.81078787672e-15	18.591265	positive	9.50568375665573e-08	0.000598418707179861	154	FinnGen_DEP_IBD	External_Howard_deLange	TRUE	T	C	2.365	7.861	0.018030070931	3.81078787672e-15	18.591265	positive	placo	1.50652483925148	1.4231247888455	0.0338186677289118	8.38194072992613e-08	9.50568375665573e-08
rs798514											1097	FinnGen_DEP_IBD	External_Howard_deLange	TRUE	T	C	1.513	5.236	0.130279658856	1.64093951893e-07	7.922068	positive	placo	1.50652483925148	1.4231247888455	0.0338186677289118	0.000732357548824927	
rs34021572											901	FinnGen_DEP_IBD	External_Howard_deLange	TRUE	T	G	0.969	-0.755	0.332545189178	0.45024898222	-0.731595	negative	placo	1.50652483925148	1.4231247888455	0.0338186677289118	0.409867688484451	
rs12937642											2205	FinnGen_DEP_IBD	External_Howard_deLange	TRUE	A	G	-0.283	-7.283	0.777176837003	3.2647722808e-13	2.061089	positive	placo	1.50652483925148	1.4231247888455	0.0338186677289118	0.11814229495631	
