qtl_key	locus	dataset_label	dataset_id	qtl_type	sample_size	gene_id	gene_symbol	molecular_trait_id	n_aligned	min_qtl_p	n_molecular_traits_screened_for_gene
block154__QTD000146__ENSG00000118197__ENSG00000118197	block154	GTEx_amygdala_eQTL	QTD000146	eQTL	129	ENSG00000118197	DDX59	ENSG00000118197	1819	1.65487e-07	1
block154__QTD000146__ENSG00000260088__ENSG00000260088	block154	GTEx_amygdala_eQTL	QTD000146	eQTL	129	ENSG00000260088	RP11-92G12.3	ENSG00000260088	1819	3.8449700000000003e-19	1
block464__QTD000146__ENSG00000173531__ENSG00000173531	block464	GTEx_amygdala_eQTL	QTD000146	eQTL	129	ENSG00000173531	MST1	ENSG00000173531	1401	1.8841e-06	1
block464__QTD000146__ENSG00000173540__ENSG00000173540	block464	GTEx_amygdala_eQTL	QTD000146	eQTL	129	ENSG00000173540	GMPPB	ENSG00000173540	1362	1.20473e-09	1
block154__QTD000150__ENSG00000260088__1:200690430:200693694:clu_51747_+	block154	GTEx_amygdala_sQTL	QTD000150	sQTL	129	ENSG00000260088	RP11-92G12.3	1:200690430:200693694:clu_51747_+	1819	1.86642e-08	1
block464__QTD000150__ENSG00000173531__3:49684189:49684314:clu_44352_-	block464	GTEx_amygdala_sQTL	QTD000150	sQTL	129	ENSG00000173531	MST1	3:49684189:49684314:clu_44352_-	1403	4.09775e-11	1
block154__QTD000226__ENSG00000118197__ENSG00000118197	block154	GTEx_colon_sigmoid_eQTL	QTD000226	eQTL	318	ENSG00000118197	DDX59	ENSG00000118197	1954	2.20304e-16	1
block154__QTD000226__ENSG00000118200__ENSG00000118200	block154	GTEx_colon_sigmoid_eQTL	QTD000226	eQTL	318	ENSG00000118200	CAMSAP2	ENSG00000118200	1954	6.66727e-06	1
block154__QTD000226__ENSG00000260088__ENSG00000260088	block154	GTEx_colon_sigmoid_eQTL	QTD000226	eQTL	318	ENSG00000260088	RP11-92G12.3	ENSG00000260088	1954	6.88703e-28	1
block464__QTD000226__ENSG00000145020__ENSG00000145020	block464	GTEx_colon_sigmoid_eQTL	QTD000226	eQTL	318	ENSG00000145020	AMT	ENSG00000145020	1753	7.69213e-11	1
block464__QTD000226__ENSG00000164068__ENSG00000164068	block464	GTEx_colon_sigmoid_eQTL	QTD000226	eQTL	318	ENSG00000164068	RNF123	ENSG00000164068	1539	2.71276e-10	1
block464__QTD000226__ENSG00000173421__ENSG00000173421	block464	GTEx_colon_sigmoid_eQTL	QTD000226	eQTL	318	ENSG00000173421	CCDC36	ENSG00000173421	1927	2.15514e-15	1
block464__QTD000226__ENSG00000173540__ENSG00000173540	block464	GTEx_colon_sigmoid_eQTL	QTD000226	eQTL	318	ENSG00000173540	GMPPB	ENSG00000173540	1495	3.9662800000000003e-19	1
block464__QTD000226__ENSG00000188315__ENSG00000188315	block464	GTEx_colon_sigmoid_eQTL	QTD000226	eQTL	318	ENSG00000188315	C3orf62	ENSG00000188315	1931	2.23597e-06	1
block464__QTD000226__ENSG00000225399__ENSG00000225399	block464	GTEx_colon_sigmoid_eQTL	QTD000226	eQTL	318	ENSG00000225399	RP11-3B7.1	ENSG00000225399	1938	7.96947e-13	1
block464__QTD000226__ENSG00000228008__ENSG00000228008	block464	GTEx_colon_sigmoid_eQTL	QTD000226	eQTL	318	ENSG00000228008	CTD-2330K9.3	ENSG00000228008	1380	3.15323e-06	1
block1671__QTD000226__ENSG00000134824__ENSG00000134824	block1671	GTEx_colon_sigmoid_eQTL	QTD000226	eQTL	318	ENSG00000134824	FADS2	ENSG00000134824	1739	7.84544e-12	1
block1671__QTD000226__ENSG00000149485__ENSG00000149485	block1671	GTEx_colon_sigmoid_eQTL	QTD000226	eQTL	318	ENSG00000149485	FADS1	ENSG00000149485	1641	2.33816e-09	1
block154__QTD000230__ENSG00000260088__1:200690430:200693753:clu_50348_+	block154	GTEx_colon_sigmoid_sQTL	QTD000230	sQTL	318	ENSG00000260088	RP11-92G12.3	1:200690430:200693753:clu_50348_+	1954	3.27671e-10	1
block464__QTD000230__ENSG00000114316__3:49292598:49294407:clu_43107_-	block464	GTEx_colon_sigmoid_sQTL	QTD000230	sQTL	318	ENSG00000114316	USP4	3:49292598:49294407:clu_43107_-	1915	1.01894e-08	1
block464__QTD000230__ENSG00000164068__3:49700709:49701491:clu_29483_+	block464	GTEx_colon_sigmoid_sQTL	QTD000230	sQTL	318	ENSG00000164068	RNF123	3:49700709:49701491:clu_29483_+	1519	2.36705e-15	1
block464__QTD000230__ENSG00000173531__3:49684189:49684371:clu_43117_-	block464	GTEx_colon_sigmoid_sQTL	QTD000230	sQTL	318	ENSG00000173531	MST1	3:49684189:49684371:clu_43117_-	1541	2.15005e-45	1
block464__QTD000230__ENSG00000233276__3:49357747:49358165:clu_43073_-	block464	GTEx_colon_sigmoid_sQTL	QTD000230	sQTL	318	ENSG00000233276	GPX1	3:49357747:49358165:clu_43073_-	1831	5.44615e-11	1
block1671__QTD000230__ENSG00000134780__11:61729008:61731317:clu_61952_+	block1671	GTEx_colon_sigmoid_sQTL	QTD000230	sQTL	318	ENSG00000134780	DAGLA	11:61729008:61731317:clu_61952_+	1808	5.65072e-11	1
block154__QTD000231__ENSG00000118197__ENSG00000118197	block154	GTEx_colon_transverse_eQTL	QTD000231	eQTL	368	ENSG00000118197	DDX59	ENSG00000118197	1972	2.30537e-33	1
block154__QTD000231__ENSG00000260088__ENSG00000260088	block154	GTEx_colon_transverse_eQTL	QTD000231	eQTL	368	ENSG00000260088	RP11-92G12.3	ENSG00000260088	1972	1.28014e-22	1
block464__QTD000231__ENSG00000145020__ENSG00000145020	block464	GTEx_colon_transverse_eQTL	QTD000231	eQTL	368	ENSG00000145020	AMT	ENSG00000145020	1734	1.35005e-10	1
block464__QTD000231__ENSG00000164068__ENSG00000164068	block464	GTEx_colon_transverse_eQTL	QTD000231	eQTL	368	ENSG00000164068	RNF123	ENSG00000164068	1526	4.39958e-08	1
block464__QTD000231__ENSG00000173421__ENSG00000173421	block464	GTEx_colon_transverse_eQTL	QTD000231	eQTL	368	ENSG00000173421	CCDC36	ENSG00000173421	1906	2.99267e-14	1
block464__QTD000231__ENSG00000173540__ENSG00000173540	block464	GTEx_colon_transverse_eQTL	QTD000231	eQTL	368	ENSG00000173540	GMPPB	ENSG00000173540	1482	1.4824200000000002e-18	1
block464__QTD000231__ENSG00000182179__ENSG00000182179	block464	GTEx_colon_transverse_eQTL	QTD000231	eQTL	368	ENSG00000182179	UBA7	ENSG00000182179	1426	1.89089e-17	1
block464__QTD000231__ENSG00000225399__ENSG00000225399	block464	GTEx_colon_transverse_eQTL	QTD000231	eQTL	368	ENSG00000225399	RP11-3B7.1	ENSG00000225399	1918	1.00586e-07	1
block1671__QTD000231__ENSG00000134824__ENSG00000134824	block1671	GTEx_colon_transverse_eQTL	QTD000231	eQTL	368	ENSG00000134824	FADS2	ENSG00000134824	1767	5.53274e-22	1
block464__QTD000235__ENSG00000047849__3:47877523:47909038:clu_42992_-	block464	GTEx_colon_transverse_sQTL	QTD000235	sQTL	368	ENSG00000047849	MAP4	3:47877523:47909038:clu_42992_-	963	9.72194e-09	1
block464__QTD000235__ENSG00000164068__3:49700709:49701491:clu_29483_+	block464	GTEx_colon_transverse_sQTL	QTD000235	sQTL	368	ENSG00000164068	RNF123	3:49700709:49701491:clu_29483_+	1506	7.183469999999999e-20	1
block464__QTD000235__ENSG00000173531__3:49684189:49684314:clu_43117_-	block464	GTEx_colon_transverse_sQTL	QTD000235	sQTL	368	ENSG00000173531	MST1	3:49684189:49684314:clu_43117_-	1528	3.06873e-54	1
block464__QTD000235__ENSG00000233276__3:49357747:49358027:clu_43073_-	block464	GTEx_colon_transverse_sQTL	QTD000235	sQTL	368	ENSG00000233276	GPX1	3:49357747:49358027:clu_43073_-	1810	3.85795e-13	1
block1671__QTD000235__ENSG00000134780__11:61729008:61731317:clu_61952_+	block1671	GTEx_colon_transverse_sQTL	QTD000235	sQTL	368	ENSG00000134780	DAGLA	11:61729008:61731317:clu_61952_+	1834	5.70371e-41	1
block154__QTD000321__ENSG00000118197__ENSG00000118197	block154	GTEx_small_intestine_eQTL	QTD000321	eQTL	174	ENSG00000118197	DDX59	ENSG00000118197	1892	6.37967e-12	1
block154__QTD000321__ENSG00000260088__ENSG00000260088	block154	GTEx_small_intestine_eQTL	QTD000321	eQTL	174	ENSG00000260088	RP11-92G12.3	ENSG00000260088	1892	7.21295e-17	1
block464__QTD000321__ENSG00000164076__ENSG00000164076	block464	GTEx_small_intestine_eQTL	QTD000321	eQTL	174	ENSG00000164076	CAMKV	ENSG00000164076	1340	5.12643e-06	1
block464__QTD000321__ENSG00000173540__ENSG00000173540	block464	GTEx_small_intestine_eQTL	QTD000321	eQTL	174	ENSG00000173540	GMPPB	ENSG00000173540	1424	3.80057e-06	1
block464__QTD000321__ENSG00000182179__ENSG00000182179	block464	GTEx_small_intestine_eQTL	QTD000321	eQTL	174	ENSG00000182179	UBA7	ENSG00000182179	1369	1.3098e-07	1
block1671__QTD000321__ENSG00000134824__ENSG00000134824	block1671	GTEx_small_intestine_eQTL	QTD000321	eQTL	174	ENSG00000134824	FADS2	ENSG00000134824	1652	4.39869e-26	1
block464__QTD000325__ENSG00000164068__3:49700709:49701533:clu_48627_+	block464	GTEx_small_intestine_sQTL	QTD000325	sQTL	174	ENSG00000164068	RNF123	3:49700709:49701533:clu_48627_+	1448	1.7038099999999998e-20	1
block464__QTD000325__ENSG00000173531__3:49684189:49684371:clu_72047_-	block464	GTEx_small_intestine_sQTL	QTD000325	sQTL	174	ENSG00000173531	MST1	3:49684189:49684371:clu_72047_-	1470	1.14515e-38	1
block154__QTD000356__ENSG00000118197__ENSG00000118197	block154	GTEx_blood_eQTL	QTD000356	eQTL	670	ENSG00000118197	DDX59	ENSG00000118197	1959	6.51605e-11	1
block154__QTD000356__ENSG00000170128__ENSG00000170128	block154	GTEx_blood_eQTL	QTD000356	eQTL	670	ENSG00000170128	GPR25	ENSG00000170128	1959	6.5495e-09	1
block464__QTD000356__ENSG00000173540__ENSG00000173540	block464	GTEx_blood_eQTL	QTD000356	eQTL	670	ENSG00000173540	GMPPB	ENSG00000173540	1496	5.02805e-07	1
block464__QTD000356__ENSG00000182179__ENSG00000182179	block464	GTEx_blood_eQTL	QTD000356	eQTL	670	ENSG00000182179	UBA7	ENSG00000182179	1438	3.62456e-13	1
block1671__QTD000356__ENSG00000124920__ENSG00000124920	block1671	GTEx_blood_eQTL	QTD000356	eQTL	670	ENSG00000124920	MYRF	ENSG00000124920	1836	2.6612600000000003e-23	1
block1671__QTD000356__ENSG00000134824__ENSG00000134824	block1671	GTEx_blood_eQTL	QTD000356	eQTL	670	ENSG00000134824	FADS2	ENSG00000134824	1777	5.01728e-122	1
block1671__QTD000356__ENSG00000167994__ENSG00000167994	block1671	GTEx_blood_eQTL	QTD000356	eQTL	670	ENSG00000167994	RAB3IL1	ENSG00000167994	1487	6.09793e-29	1
block464__QTD000360__ENSG00000067560__3:49360382:49360928:clu_31498_-	block464	GTEx_blood_sQTL	QTD000360	sQTL	670	ENSG00000067560	RHOA	3:49360382:49360928:clu_31498_-	1816	4.38605e-08	1
block464__QTD000360__ENSG00000114316__3:49292598:49294407:clu_31495_-	block464	GTEx_blood_sQTL	QTD000360	sQTL	670	ENSG00000114316	USP4	3:49292598:49294407:clu_31495_-	1923	1.82961e-07	1
block464__QTD000360__ENSG00000164068__3:49700709:49701533:clu_21929_+	block464	GTEx_blood_sQTL	QTD000360	sQTL	670	ENSG00000164068	RNF123	3:49700709:49701533:clu_21929_+	1520	4.44827e-33	2
block464__QTD000360__ENSG00000173531__3:49684189:49684314:clu_31528_-	block464	GTEx_blood_sQTL	QTD000360	sQTL	670	ENSG00000173531	MST1	3:49684189:49684314:clu_31528_-	1542	1.9018500000000002e-28	1
block464__QTD000360__ENSG00000233276__3:49357747:49358027:clu_31497_-	block464	GTEx_blood_sQTL	QTD000360	sQTL	670	ENSG00000233276	GPX1	3:49357747:49358027:clu_31497_-	1837	2.85788e-28	1
block1671__QTD000360__ENSG00000167994__11:61908306:61917357:clu_26097_-	block1671	GTEx_blood_sQTL	QTD000360	sQTL	670	ENSG00000167994	RAB3IL1	11:61908306:61917357:clu_26097_-	1493	2.51258e-14	1
block154__QTD000021__ENSG00000118197__ENSG00000118197	block154	BLUEPRINT_monocyte_eQTL	QTD000021	eQTL	191	ENSG00000118197	DDX59	ENSG00000118197	1891	7.34945e-31	1
block154__QTD000021__ENSG00000118200__ENSG00000118200	block154	BLUEPRINT_monocyte_eQTL	QTD000021	eQTL	191	ENSG00000118200	CAMSAP2	ENSG00000118200	1891	7.03447e-23	1
block464__QTD000021__ENSG00000164068__ENSG00000164068	block464	BLUEPRINT_monocyte_eQTL	QTD000021	eQTL	191	ENSG00000164068	RNF123	ENSG00000164068	1571	2.34864e-08	1
block464__QTD000021__ENSG00000173540__ENSG00000173540	block464	BLUEPRINT_monocyte_eQTL	QTD000021	eQTL	191	ENSG00000173540	GMPPB	ENSG00000173540	1528	2.01547e-07	1
block1671__QTD000021__ENSG00000134780__ENSG00000134780	block1671	BLUEPRINT_monocyte_eQTL	QTD000021	eQTL	191	ENSG00000134780	DAGLA	ENSG00000134780	1707	1.35228e-12	1
block1671__QTD000021__ENSG00000134824__ENSG00000134824	block1671	BLUEPRINT_monocyte_eQTL	QTD000021	eQTL	191	ENSG00000134824	FADS2	ENSG00000134824	1644	1.02378e-46	1
block1671__QTD000021__ENSG00000134825__ENSG00000134825	block1671	BLUEPRINT_monocyte_eQTL	QTD000021	eQTL	191	ENSG00000134825	TMEM258	ENSG00000134825	1644	6.35702e-07	1
block464__QTD000025__ENSG00000233276__3:49357747:49358027:clu_18347_-	block464	BLUEPRINT_monocyte_sQTL	QTD000025	sQTL	191	ENSG00000233276	GPX1	3:49357747:49358027:clu_18347_-	1870	3.04932e-07	1
block154__QTD000031__ENSG00000118197__ENSG00000118197	block154	BLUEPRINT_CD4_T_eQTL	QTD000031	eQTL	167	ENSG00000118197	DDX59	ENSG00000118197	1884	5.96389e-41	1
block154__QTD000031__ENSG00000260088__ENSG00000260088	block154	BLUEPRINT_CD4_T_eQTL	QTD000031	eQTL	167	ENSG00000260088	RP11-92G12.3	ENSG00000260088	1884	8.34587e-11	1
block464__QTD000031__ENSG00000047849__ENSG00000047849	block464	BLUEPRINT_CD4_T_eQTL	QTD000031	eQTL	167	ENSG00000047849	MAP4	ENSG00000047849	1146	5.87745e-12	1
block464__QTD000031__ENSG00000164068__ENSG00000164068	block464	BLUEPRINT_CD4_T_eQTL	QTD000031	eQTL	167	ENSG00000164068	RNF123	ENSG00000164068	1562	5.42633e-06	1
block464__QTD000031__ENSG00000173540__ENSG00000173540	block464	BLUEPRINT_CD4_T_eQTL	QTD000031	eQTL	167	ENSG00000173540	GMPPB	ENSG00000173540	1519	4.4160500000000006e-24	1
block464__QTD000031__ENSG00000182179__ENSG00000182179	block464	BLUEPRINT_CD4_T_eQTL	QTD000031	eQTL	167	ENSG00000182179	UBA7	ENSG00000182179	1460	2.0022600000000002e-23	1
block1671__QTD000031__ENSG00000134824__ENSG00000134824	block1671	BLUEPRINT_CD4_T_eQTL	QTD000031	eQTL	167	ENSG00000134824	FADS2	ENSG00000134824	1658	7.729590000000001e-44	1
block1671__QTD000031__ENSG00000134825__ENSG00000134825	block1671	BLUEPRINT_CD4_T_eQTL	QTD000031	eQTL	167	ENSG00000134825	TMEM258	ENSG00000134825	1658	1.18505e-13	1
block1671__QTD000031__ENSG00000149485__ENSG00000149485	block1671	BLUEPRINT_CD4_T_eQTL	QTD000031	eQTL	167	ENSG00000149485	FADS1	ENSG00000149485	1564	6.207270000000001e-29	1
block464__QTD000035__ENSG00000145022__3:49423154:49424603:clu_51417_-	block464	BLUEPRINT_CD4_T_sQTL	QTD000035	sQTL	167	ENSG00000145022	TCTA	3:49423154:49424603:clu_51417_-	1790	9.15111e-11	1
block464__QTD000035__ENSG00000164068__3:49700709:49701533:clu_51437_-	block464	BLUEPRINT_CD4_T_sQTL	QTD000035	sQTL	167	ENSG00000164068	RNF123	3:49700709:49701533:clu_51437_-	1544	2.0104500000000002e-19	1
