qtl_key	locus	gene_symbol	dataset_label	gwas_trait	n_snps	qtl_converged	gwas_converged	qtl_n_cs	gwas_n_cs
block154__QTD000146__ENSG00000118197__ENSG00000118197	block154	DDX59	GTEx_amygdala_eQTL	deLange_IBD	1819	TRUE	TRUE	1	1
block154__QTD000146__ENSG00000118197__ENSG00000118197	block154	DDX59	GTEx_amygdala_eQTL	FinnGen_IBD	1819	TRUE	TRUE	1	2
block154__QTD000146__ENSG00000260088__ENSG00000260088	block154	RP11-92G12.3	GTEx_amygdala_eQTL	deLange_IBD	1819	TRUE	TRUE	2	1
block154__QTD000146__ENSG00000260088__ENSG00000260088	block154	RP11-92G12.3	GTEx_amygdala_eQTL	FinnGen_IBD	1819	TRUE	TRUE	2	2
block154__QTD000150__ENSG00000260088__1:200690430:200693694:clu_51747_+	block154	RP11-92G12.3	GTEx_amygdala_sQTL	deLange_IBD	1819	TRUE	TRUE		1
block154__QTD000150__ENSG00000260088__1:200690430:200693694:clu_51747_+	block154	RP11-92G12.3	GTEx_amygdala_sQTL	FinnGen_IBD	1819	TRUE	TRUE		2
block154__QTD000226__ENSG00000118197__ENSG00000118197	block154	DDX59	GTEx_colon_sigmoid_eQTL	deLange_IBD	1954	TRUE	TRUE	1	1
block154__QTD000226__ENSG00000118197__ENSG00000118197	block154	DDX59	GTEx_colon_sigmoid_eQTL	FinnGen_IBD	1954	TRUE	TRUE	1	2
block154__QTD000226__ENSG00000118200__ENSG00000118200	block154	CAMSAP2	GTEx_colon_sigmoid_eQTL	deLange_IBD	1954	TRUE	TRUE		1
block154__QTD000226__ENSG00000118200__ENSG00000118200	block154	CAMSAP2	GTEx_colon_sigmoid_eQTL	FinnGen_IBD	1954	TRUE	TRUE		2
block154__QTD000226__ENSG00000260088__ENSG00000260088	block154	RP11-92G12.3	GTEx_colon_sigmoid_eQTL	deLange_IBD	1954	TRUE	TRUE	1	1
block154__QTD000226__ENSG00000260088__ENSG00000260088	block154	RP11-92G12.3	GTEx_colon_sigmoid_eQTL	FinnGen_IBD	1954	TRUE	TRUE	1	2
block154__QTD000230__ENSG00000260088__1:200690430:200693753:clu_50348_+	block154	RP11-92G12.3	GTEx_colon_sigmoid_sQTL	deLange_IBD	1954	TRUE	TRUE	1	1
block154__QTD000230__ENSG00000260088__1:200690430:200693753:clu_50348_+	block154	RP11-92G12.3	GTEx_colon_sigmoid_sQTL	FinnGen_IBD	1954	TRUE	TRUE	1	2
block154__QTD000231__ENSG00000118197__ENSG00000118197	block154	DDX59	GTEx_colon_transverse_eQTL	deLange_IBD	1972	TRUE	TRUE	1	1
block154__QTD000231__ENSG00000118197__ENSG00000118197	block154	DDX59	GTEx_colon_transverse_eQTL	FinnGen_IBD	1972	TRUE	TRUE	1	2
block154__QTD000231__ENSG00000260088__ENSG00000260088	block154	RP11-92G12.3	GTEx_colon_transverse_eQTL	deLange_IBD	1972	TRUE	TRUE	1	1
block154__QTD000231__ENSG00000260088__ENSG00000260088	block154	RP11-92G12.3	GTEx_colon_transverse_eQTL	FinnGen_IBD	1972	TRUE	TRUE	1	2
block154__QTD000321__ENSG00000118197__ENSG00000118197	block154	DDX59	GTEx_small_intestine_eQTL	deLange_IBD	1892	TRUE	TRUE	1	1
block154__QTD000321__ENSG00000118197__ENSG00000118197	block154	DDX59	GTEx_small_intestine_eQTL	FinnGen_IBD	1892	TRUE	TRUE	1	2
block154__QTD000321__ENSG00000260088__ENSG00000260088	block154	RP11-92G12.3	GTEx_small_intestine_eQTL	deLange_IBD	1892	TRUE	TRUE	1	1
block154__QTD000321__ENSG00000260088__ENSG00000260088	block154	RP11-92G12.3	GTEx_small_intestine_eQTL	FinnGen_IBD	1892	TRUE	TRUE	1	2
block154__QTD000356__ENSG00000118197__ENSG00000118197	block154	DDX59	GTEx_blood_eQTL	deLange_IBD	1959	TRUE	TRUE	1	1
block154__QTD000356__ENSG00000118197__ENSG00000118197	block154	DDX59	GTEx_blood_eQTL	FinnGen_IBD	1959	TRUE	TRUE	1	2
block154__QTD000356__ENSG00000170128__ENSG00000170128	block154	GPR25	GTEx_blood_eQTL	deLange_IBD	1959	TRUE	TRUE	1	1
block154__QTD000356__ENSG00000170128__ENSG00000170128	block154	GPR25	GTEx_blood_eQTL	FinnGen_IBD	1959	TRUE	TRUE	1	2
block154__QTD000021__ENSG00000118197__ENSG00000118197	block154	DDX59	BLUEPRINT_monocyte_eQTL	deLange_IBD	1891	TRUE	TRUE	1	1
block154__QTD000021__ENSG00000118197__ENSG00000118197	block154	DDX59	BLUEPRINT_monocyte_eQTL	FinnGen_IBD	1891	TRUE	TRUE	1	2
block154__QTD000021__ENSG00000118200__ENSG00000118200	block154	CAMSAP2	BLUEPRINT_monocyte_eQTL	deLange_IBD	1891	TRUE	TRUE	1	1
block154__QTD000021__ENSG00000118200__ENSG00000118200	block154	CAMSAP2	BLUEPRINT_monocyte_eQTL	FinnGen_IBD	1891	TRUE	TRUE	1	2
block154__QTD000031__ENSG00000118197__ENSG00000118197	block154	DDX59	BLUEPRINT_CD4_T_eQTL	deLange_IBD	1884	TRUE	TRUE	1	1
block154__QTD000031__ENSG00000118197__ENSG00000118197	block154	DDX59	BLUEPRINT_CD4_T_eQTL	FinnGen_IBD	1884	TRUE	TRUE	1	2
block154__QTD000031__ENSG00000260088__ENSG00000260088	block154	RP11-92G12.3	BLUEPRINT_CD4_T_eQTL	deLange_IBD	1884	TRUE	TRUE	1	1
block154__QTD000031__ENSG00000260088__ENSG00000260088	block154	RP11-92G12.3	BLUEPRINT_CD4_T_eQTL	FinnGen_IBD	1884	TRUE	TRUE	1	2
block464__QTD000146__ENSG00000173531__ENSG00000173531	block464	MST1	GTEx_amygdala_eQTL	Howard_DEP	1401	TRUE	TRUE	1	
block464__QTD000146__ENSG00000173531__ENSG00000173531	block464	MST1	GTEx_amygdala_eQTL	FinnGen_DEP	1401	TRUE	TRUE	1	
block464__QTD000146__ENSG00000173531__ENSG00000173531	block464	MST1	GTEx_amygdala_eQTL	deLange_IBD	1401	TRUE	TRUE	1	1
block464__QTD000146__ENSG00000173531__ENSG00000173531	block464	MST1	GTEx_amygdala_eQTL	FinnGen_IBD	1401	TRUE	TRUE	1	1
block464__QTD000146__ENSG00000173540__ENSG00000173540	block464	GMPPB	GTEx_amygdala_eQTL	Howard_DEP	1362	TRUE	TRUE	1	
block464__QTD000146__ENSG00000173540__ENSG00000173540	block464	GMPPB	GTEx_amygdala_eQTL	FinnGen_DEP	1362	TRUE	TRUE	1	
block464__QTD000146__ENSG00000173540__ENSG00000173540	block464	GMPPB	GTEx_amygdala_eQTL	deLange_IBD	1362	TRUE	TRUE	1	1
block464__QTD000146__ENSG00000173540__ENSG00000173540	block464	GMPPB	GTEx_amygdala_eQTL	FinnGen_IBD	1362	TRUE	TRUE	1	1
block464__QTD000150__ENSG00000173531__3:49684189:49684314:clu_44352_-	block464	MST1	GTEx_amygdala_sQTL	Howard_DEP	1403	TRUE	TRUE	1	
block464__QTD000150__ENSG00000173531__3:49684189:49684314:clu_44352_-	block464	MST1	GTEx_amygdala_sQTL	FinnGen_DEP	1403	TRUE	TRUE	1	
block464__QTD000150__ENSG00000173531__3:49684189:49684314:clu_44352_-	block464	MST1	GTEx_amygdala_sQTL	deLange_IBD	1403	TRUE	TRUE	1	1
block464__QTD000150__ENSG00000173531__3:49684189:49684314:clu_44352_-	block464	MST1	GTEx_amygdala_sQTL	FinnGen_IBD	1403	TRUE	TRUE	1	1
block464__QTD000226__ENSG00000145020__ENSG00000145020	block464	AMT	GTEx_colon_sigmoid_eQTL	Howard_DEP	1753	TRUE	TRUE	1	
block464__QTD000226__ENSG00000145020__ENSG00000145020	block464	AMT	GTEx_colon_sigmoid_eQTL	FinnGen_DEP	1753	TRUE	TRUE	1	
block464__QTD000226__ENSG00000145020__ENSG00000145020	block464	AMT	GTEx_colon_sigmoid_eQTL	deLange_IBD	1753	TRUE	TRUE	1	1
block464__QTD000226__ENSG00000145020__ENSG00000145020	block464	AMT	GTEx_colon_sigmoid_eQTL	FinnGen_IBD	1753	TRUE	TRUE	1	1
block464__QTD000226__ENSG00000164068__ENSG00000164068	block464	RNF123	GTEx_colon_sigmoid_eQTL	Howard_DEP	1539	TRUE	TRUE	1	
block464__QTD000226__ENSG00000164068__ENSG00000164068	block464	RNF123	GTEx_colon_sigmoid_eQTL	FinnGen_DEP	1539	TRUE	TRUE	1	
block464__QTD000226__ENSG00000164068__ENSG00000164068	block464	RNF123	GTEx_colon_sigmoid_eQTL	deLange_IBD	1539	TRUE	TRUE	1	1
block464__QTD000226__ENSG00000164068__ENSG00000164068	block464	RNF123	GTEx_colon_sigmoid_eQTL	FinnGen_IBD	1539	TRUE	TRUE	1	1
block464__QTD000226__ENSG00000173421__ENSG00000173421	block464	CCDC36	GTEx_colon_sigmoid_eQTL	Howard_DEP	1927	TRUE	TRUE	1	
block464__QTD000226__ENSG00000173421__ENSG00000173421	block464	CCDC36	GTEx_colon_sigmoid_eQTL	FinnGen_DEP	1927	TRUE	TRUE	1	
block464__QTD000226__ENSG00000173421__ENSG00000173421	block464	CCDC36	GTEx_colon_sigmoid_eQTL	deLange_IBD	1927	TRUE	TRUE	1	1
block464__QTD000226__ENSG00000173421__ENSG00000173421	block464	CCDC36	GTEx_colon_sigmoid_eQTL	FinnGen_IBD	1927	TRUE	TRUE	1	1
block464__QTD000226__ENSG00000173540__ENSG00000173540	block464	GMPPB	GTEx_colon_sigmoid_eQTL	Howard_DEP	1495	TRUE	TRUE	1	
block464__QTD000226__ENSG00000173540__ENSG00000173540	block464	GMPPB	GTEx_colon_sigmoid_eQTL	FinnGen_DEP	1495	TRUE	TRUE	1	
block464__QTD000226__ENSG00000173540__ENSG00000173540	block464	GMPPB	GTEx_colon_sigmoid_eQTL	deLange_IBD	1495	TRUE	TRUE	1	1
block464__QTD000226__ENSG00000173540__ENSG00000173540	block464	GMPPB	GTEx_colon_sigmoid_eQTL	FinnGen_IBD	1495	TRUE	TRUE	1	1
block464__QTD000226__ENSG00000188315__ENSG00000188315	block464	C3orf62	GTEx_colon_sigmoid_eQTL	Howard_DEP	1931	TRUE	TRUE	1	
block464__QTD000226__ENSG00000188315__ENSG00000188315	block464	C3orf62	GTEx_colon_sigmoid_eQTL	FinnGen_DEP	1931	TRUE	TRUE	1	
block464__QTD000226__ENSG00000188315__ENSG00000188315	block464	C3orf62	GTEx_colon_sigmoid_eQTL	deLange_IBD	1931	TRUE	TRUE	1	1
block464__QTD000226__ENSG00000188315__ENSG00000188315	block464	C3orf62	GTEx_colon_sigmoid_eQTL	FinnGen_IBD	1931	TRUE	TRUE	1	1
block464__QTD000226__ENSG00000225399__ENSG00000225399	block464	RP11-3B7.1	GTEx_colon_sigmoid_eQTL	Howard_DEP	1938	TRUE	TRUE	1	
block464__QTD000226__ENSG00000225399__ENSG00000225399	block464	RP11-3B7.1	GTEx_colon_sigmoid_eQTL	FinnGen_DEP	1938	TRUE	TRUE	1	
block464__QTD000226__ENSG00000225399__ENSG00000225399	block464	RP11-3B7.1	GTEx_colon_sigmoid_eQTL	deLange_IBD	1938	TRUE	TRUE	1	1
block464__QTD000226__ENSG00000225399__ENSG00000225399	block464	RP11-3B7.1	GTEx_colon_sigmoid_eQTL	FinnGen_IBD	1938	TRUE	TRUE	1	1
block464__QTD000226__ENSG00000228008__ENSG00000228008	block464	CTD-2330K9.3	GTEx_colon_sigmoid_eQTL	Howard_DEP	1380	TRUE	TRUE	1	
block464__QTD000226__ENSG00000228008__ENSG00000228008	block464	CTD-2330K9.3	GTEx_colon_sigmoid_eQTL	FinnGen_DEP	1380	TRUE	TRUE	1	
block464__QTD000226__ENSG00000228008__ENSG00000228008	block464	CTD-2330K9.3	GTEx_colon_sigmoid_eQTL	deLange_IBD	1380	TRUE	TRUE	1	1
block464__QTD000226__ENSG00000228008__ENSG00000228008	block464	CTD-2330K9.3	GTEx_colon_sigmoid_eQTL	FinnGen_IBD	1380	TRUE	TRUE	1	1
block464__QTD000230__ENSG00000114316__3:49292598:49294407:clu_43107_-	block464	USP4	GTEx_colon_sigmoid_sQTL	Howard_DEP	1915	TRUE	TRUE	1	
block464__QTD000230__ENSG00000114316__3:49292598:49294407:clu_43107_-	block464	USP4	GTEx_colon_sigmoid_sQTL	FinnGen_DEP	1915	TRUE	TRUE	1	
block464__QTD000230__ENSG00000114316__3:49292598:49294407:clu_43107_-	block464	USP4	GTEx_colon_sigmoid_sQTL	deLange_IBD	1915	TRUE	TRUE	1	1
block464__QTD000230__ENSG00000114316__3:49292598:49294407:clu_43107_-	block464	USP4	GTEx_colon_sigmoid_sQTL	FinnGen_IBD	1915	TRUE	TRUE	1	1
block464__QTD000230__ENSG00000164068__3:49700709:49701491:clu_29483_+	block464	RNF123	GTEx_colon_sigmoid_sQTL	Howard_DEP	1519	TRUE	TRUE	2	
block464__QTD000230__ENSG00000164068__3:49700709:49701491:clu_29483_+	block464	RNF123	GTEx_colon_sigmoid_sQTL	FinnGen_DEP	1519	TRUE	TRUE	2	
block464__QTD000230__ENSG00000164068__3:49700709:49701491:clu_29483_+	block464	RNF123	GTEx_colon_sigmoid_sQTL	deLange_IBD	1519	TRUE	TRUE	2	1
block464__QTD000230__ENSG00000164068__3:49700709:49701491:clu_29483_+	block464	RNF123	GTEx_colon_sigmoid_sQTL	FinnGen_IBD	1519	TRUE	TRUE	2	1
block464__QTD000230__ENSG00000173531__3:49684189:49684371:clu_43117_-	block464	MST1	GTEx_colon_sigmoid_sQTL	Howard_DEP	1541	TRUE	TRUE	1	
block464__QTD000230__ENSG00000173531__3:49684189:49684371:clu_43117_-	block464	MST1	GTEx_colon_sigmoid_sQTL	FinnGen_DEP	1541	TRUE	TRUE	1	
block464__QTD000230__ENSG00000173531__3:49684189:49684371:clu_43117_-	block464	MST1	GTEx_colon_sigmoid_sQTL	deLange_IBD	1541	TRUE	TRUE	1	1
block464__QTD000230__ENSG00000173531__3:49684189:49684371:clu_43117_-	block464	MST1	GTEx_colon_sigmoid_sQTL	FinnGen_IBD	1541	TRUE	TRUE	1	1
block464__QTD000230__ENSG00000233276__3:49357747:49358165:clu_43073_-	block464	GPX1	GTEx_colon_sigmoid_sQTL	Howard_DEP	1831	TRUE	TRUE	1	
block464__QTD000230__ENSG00000233276__3:49357747:49358165:clu_43073_-	block464	GPX1	GTEx_colon_sigmoid_sQTL	FinnGen_DEP	1831	TRUE	TRUE	1	
block464__QTD000230__ENSG00000233276__3:49357747:49358165:clu_43073_-	block464	GPX1	GTEx_colon_sigmoid_sQTL	deLange_IBD	1831	TRUE	TRUE	1	1
block464__QTD000230__ENSG00000233276__3:49357747:49358165:clu_43073_-	block464	GPX1	GTEx_colon_sigmoid_sQTL	FinnGen_IBD	1831	TRUE	TRUE	1	1
block464__QTD000231__ENSG00000145020__ENSG00000145020	block464	AMT	GTEx_colon_transverse_eQTL	Howard_DEP	1734	TRUE	TRUE	1	
block464__QTD000231__ENSG00000145020__ENSG00000145020	block464	AMT	GTEx_colon_transverse_eQTL	FinnGen_DEP	1734	TRUE	TRUE	1	
block464__QTD000231__ENSG00000145020__ENSG00000145020	block464	AMT	GTEx_colon_transverse_eQTL	deLange_IBD	1734	TRUE	TRUE	1	1
block464__QTD000231__ENSG00000145020__ENSG00000145020	block464	AMT	GTEx_colon_transverse_eQTL	FinnGen_IBD	1734	TRUE	TRUE	1	1
block464__QTD000231__ENSG00000164068__ENSG00000164068	block464	RNF123	GTEx_colon_transverse_eQTL	Howard_DEP	1526	TRUE	TRUE		
block464__QTD000231__ENSG00000164068__ENSG00000164068	block464	RNF123	GTEx_colon_transverse_eQTL	FinnGen_DEP	1526	TRUE	TRUE		
block464__QTD000231__ENSG00000164068__ENSG00000164068	block464	RNF123	GTEx_colon_transverse_eQTL	deLange_IBD	1526	TRUE	TRUE		1
block464__QTD000231__ENSG00000164068__ENSG00000164068	block464	RNF123	GTEx_colon_transverse_eQTL	FinnGen_IBD	1526	TRUE	TRUE		1
block464__QTD000231__ENSG00000173421__ENSG00000173421	block464	CCDC36	GTEx_colon_transverse_eQTL	Howard_DEP	1906	TRUE	TRUE	1	
block464__QTD000231__ENSG00000173421__ENSG00000173421	block464	CCDC36	GTEx_colon_transverse_eQTL	FinnGen_DEP	1906	TRUE	TRUE	1	
block464__QTD000231__ENSG00000173421__ENSG00000173421	block464	CCDC36	GTEx_colon_transverse_eQTL	deLange_IBD	1906	TRUE	TRUE	1	1
block464__QTD000231__ENSG00000173421__ENSG00000173421	block464	CCDC36	GTEx_colon_transverse_eQTL	FinnGen_IBD	1906	TRUE	TRUE	1	1
block464__QTD000231__ENSG00000173540__ENSG00000173540	block464	GMPPB	GTEx_colon_transverse_eQTL	Howard_DEP	1482	TRUE	TRUE	1	
block464__QTD000231__ENSG00000173540__ENSG00000173540	block464	GMPPB	GTEx_colon_transverse_eQTL	FinnGen_DEP	1482	TRUE	TRUE	1	
block464__QTD000231__ENSG00000173540__ENSG00000173540	block464	GMPPB	GTEx_colon_transverse_eQTL	deLange_IBD	1482	TRUE	TRUE	1	1
block464__QTD000231__ENSG00000173540__ENSG00000173540	block464	GMPPB	GTEx_colon_transverse_eQTL	FinnGen_IBD	1482	TRUE	TRUE	1	1
block464__QTD000231__ENSG00000182179__ENSG00000182179	block464	UBA7	GTEx_colon_transverse_eQTL	Howard_DEP	1426	TRUE	TRUE	1	
block464__QTD000231__ENSG00000182179__ENSG00000182179	block464	UBA7	GTEx_colon_transverse_eQTL	FinnGen_DEP	1426	TRUE	TRUE	1	
block464__QTD000231__ENSG00000182179__ENSG00000182179	block464	UBA7	GTEx_colon_transverse_eQTL	deLange_IBD	1426	TRUE	TRUE	1	1
block464__QTD000231__ENSG00000182179__ENSG00000182179	block464	UBA7	GTEx_colon_transverse_eQTL	FinnGen_IBD	1426	TRUE	TRUE	1	1
block464__QTD000231__ENSG00000225399__ENSG00000225399	block464	RP11-3B7.1	GTEx_colon_transverse_eQTL	Howard_DEP	1918	TRUE	TRUE	1	
block464__QTD000231__ENSG00000225399__ENSG00000225399	block464	RP11-3B7.1	GTEx_colon_transverse_eQTL	FinnGen_DEP	1918	TRUE	TRUE	1	
block464__QTD000231__ENSG00000225399__ENSG00000225399	block464	RP11-3B7.1	GTEx_colon_transverse_eQTL	deLange_IBD	1918	TRUE	TRUE	1	1
block464__QTD000231__ENSG00000225399__ENSG00000225399	block464	RP11-3B7.1	GTEx_colon_transverse_eQTL	FinnGen_IBD	1918	TRUE	TRUE	1	1
block464__QTD000235__ENSG00000047849__3:47877523:47909038:clu_42992_-	block464	MAP4	GTEx_colon_transverse_sQTL	Howard_DEP	963	TRUE	TRUE	1	1
block464__QTD000235__ENSG00000047849__3:47877523:47909038:clu_42992_-	block464	MAP4	GTEx_colon_transverse_sQTL	FinnGen_DEP	963	TRUE	TRUE	1	1
block464__QTD000235__ENSG00000047849__3:47877523:47909038:clu_42992_-	block464	MAP4	GTEx_colon_transverse_sQTL	deLange_IBD	963	TRUE	TRUE	1	2
block464__QTD000235__ENSG00000047849__3:47877523:47909038:clu_42992_-	block464	MAP4	GTEx_colon_transverse_sQTL	FinnGen_IBD	963	TRUE	TRUE	1	3
block464__QTD000235__ENSG00000164068__3:49700709:49701491:clu_29483_+	block464	RNF123	GTEx_colon_transverse_sQTL	Howard_DEP	1506	TRUE	TRUE	1	
block464__QTD000235__ENSG00000164068__3:49700709:49701491:clu_29483_+	block464	RNF123	GTEx_colon_transverse_sQTL	FinnGen_DEP	1506	TRUE	TRUE	1	
block464__QTD000235__ENSG00000164068__3:49700709:49701491:clu_29483_+	block464	RNF123	GTEx_colon_transverse_sQTL	deLange_IBD	1506	TRUE	TRUE	1	1
block464__QTD000235__ENSG00000164068__3:49700709:49701491:clu_29483_+	block464	RNF123	GTEx_colon_transverse_sQTL	FinnGen_IBD	1506	TRUE	TRUE	1	1
block464__QTD000235__ENSG00000173531__3:49684189:49684314:clu_43117_-	block464	MST1	GTEx_colon_transverse_sQTL	Howard_DEP	1528	TRUE	TRUE	1	
block464__QTD000235__ENSG00000173531__3:49684189:49684314:clu_43117_-	block464	MST1	GTEx_colon_transverse_sQTL	FinnGen_DEP	1528	TRUE	TRUE	1	
block464__QTD000235__ENSG00000173531__3:49684189:49684314:clu_43117_-	block464	MST1	GTEx_colon_transverse_sQTL	deLange_IBD	1528	TRUE	TRUE	1	1
block464__QTD000235__ENSG00000173531__3:49684189:49684314:clu_43117_-	block464	MST1	GTEx_colon_transverse_sQTL	FinnGen_IBD	1528	TRUE	TRUE	1	1
block464__QTD000235__ENSG00000233276__3:49357747:49358027:clu_43073_-	block464	GPX1	GTEx_colon_transverse_sQTL	Howard_DEP	1810	TRUE	TRUE	1	
block464__QTD000235__ENSG00000233276__3:49357747:49358027:clu_43073_-	block464	GPX1	GTEx_colon_transverse_sQTL	FinnGen_DEP	1810	TRUE	TRUE	1	
block464__QTD000235__ENSG00000233276__3:49357747:49358027:clu_43073_-	block464	GPX1	GTEx_colon_transverse_sQTL	deLange_IBD	1810	TRUE	TRUE	1	1
block464__QTD000235__ENSG00000233276__3:49357747:49358027:clu_43073_-	block464	GPX1	GTEx_colon_transverse_sQTL	FinnGen_IBD	1810	TRUE	TRUE	1	1
block464__QTD000321__ENSG00000164076__ENSG00000164076	block464	CAMKV	GTEx_small_intestine_eQTL	Howard_DEP	1340	TRUE	TRUE		
block464__QTD000321__ENSG00000164076__ENSG00000164076	block464	CAMKV	GTEx_small_intestine_eQTL	FinnGen_DEP	1340	TRUE	TRUE		
block464__QTD000321__ENSG00000164076__ENSG00000164076	block464	CAMKV	GTEx_small_intestine_eQTL	deLange_IBD	1340	TRUE	TRUE		1
block464__QTD000321__ENSG00000164076__ENSG00000164076	block464	CAMKV	GTEx_small_intestine_eQTL	FinnGen_IBD	1340	TRUE	TRUE		1
block464__QTD000321__ENSG00000173540__ENSG00000173540	block464	GMPPB	GTEx_small_intestine_eQTL	Howard_DEP	1424	TRUE	TRUE		
block464__QTD000321__ENSG00000173540__ENSG00000173540	block464	GMPPB	GTEx_small_intestine_eQTL	FinnGen_DEP	1424	TRUE	TRUE		
block464__QTD000321__ENSG00000173540__ENSG00000173540	block464	GMPPB	GTEx_small_intestine_eQTL	deLange_IBD	1424	TRUE	TRUE		1
block464__QTD000321__ENSG00000173540__ENSG00000173540	block464	GMPPB	GTEx_small_intestine_eQTL	FinnGen_IBD	1424	TRUE	TRUE		1
block464__QTD000321__ENSG00000182179__ENSG00000182179	block464	UBA7	GTEx_small_intestine_eQTL	Howard_DEP	1369	TRUE	TRUE	1	
block464__QTD000321__ENSG00000182179__ENSG00000182179	block464	UBA7	GTEx_small_intestine_eQTL	FinnGen_DEP	1369	TRUE	TRUE	1	
block464__QTD000321__ENSG00000182179__ENSG00000182179	block464	UBA7	GTEx_small_intestine_eQTL	deLange_IBD	1369	TRUE	TRUE	1	1
block464__QTD000321__ENSG00000182179__ENSG00000182179	block464	UBA7	GTEx_small_intestine_eQTL	FinnGen_IBD	1369	TRUE	TRUE	1	1
block464__QTD000325__ENSG00000164068__3:49700709:49701533:clu_48627_+	block464	RNF123	GTEx_small_intestine_sQTL	Howard_DEP	1448	TRUE	TRUE	1	
block464__QTD000325__ENSG00000164068__3:49700709:49701533:clu_48627_+	block464	RNF123	GTEx_small_intestine_sQTL	FinnGen_DEP	1448	TRUE	TRUE	1	
block464__QTD000325__ENSG00000164068__3:49700709:49701533:clu_48627_+	block464	RNF123	GTEx_small_intestine_sQTL	deLange_IBD	1448	TRUE	TRUE	1	1
block464__QTD000325__ENSG00000164068__3:49700709:49701533:clu_48627_+	block464	RNF123	GTEx_small_intestine_sQTL	FinnGen_IBD	1448	TRUE	TRUE	1	1
block464__QTD000325__ENSG00000173531__3:49684189:49684371:clu_72047_-	block464	MST1	GTEx_small_intestine_sQTL	Howard_DEP	1470	TRUE	TRUE	1	
block464__QTD000325__ENSG00000173531__3:49684189:49684371:clu_72047_-	block464	MST1	GTEx_small_intestine_sQTL	FinnGen_DEP	1470	TRUE	TRUE	1	
block464__QTD000325__ENSG00000173531__3:49684189:49684371:clu_72047_-	block464	MST1	GTEx_small_intestine_sQTL	deLange_IBD	1470	TRUE	TRUE	1	1
block464__QTD000325__ENSG00000173531__3:49684189:49684371:clu_72047_-	block464	MST1	GTEx_small_intestine_sQTL	FinnGen_IBD	1470	TRUE	TRUE	1	1
block464__QTD000356__ENSG00000173540__ENSG00000173540	block464	GMPPB	GTEx_blood_eQTL	Howard_DEP	1496	TRUE	TRUE	1	
block464__QTD000356__ENSG00000173540__ENSG00000173540	block464	GMPPB	GTEx_blood_eQTL	FinnGen_DEP	1496	TRUE	TRUE	1	
block464__QTD000356__ENSG00000173540__ENSG00000173540	block464	GMPPB	GTEx_blood_eQTL	deLange_IBD	1496	TRUE	TRUE	1	1
block464__QTD000356__ENSG00000173540__ENSG00000173540	block464	GMPPB	GTEx_blood_eQTL	FinnGen_IBD	1496	TRUE	TRUE	1	1
block464__QTD000356__ENSG00000182179__ENSG00000182179	block464	UBA7	GTEx_blood_eQTL	Howard_DEP	1438	TRUE	TRUE	1	
block464__QTD000356__ENSG00000182179__ENSG00000182179	block464	UBA7	GTEx_blood_eQTL	FinnGen_DEP	1438	TRUE	TRUE	1	
block464__QTD000356__ENSG00000182179__ENSG00000182179	block464	UBA7	GTEx_blood_eQTL	deLange_IBD	1438	TRUE	TRUE	1	1
block464__QTD000356__ENSG00000182179__ENSG00000182179	block464	UBA7	GTEx_blood_eQTL	FinnGen_IBD	1438	TRUE	TRUE	1	1
block464__QTD000360__ENSG00000067560__3:49360382:49360928:clu_31498_-	block464	RHOA	GTEx_blood_sQTL	Howard_DEP	1816	TRUE	TRUE	1	
block464__QTD000360__ENSG00000067560__3:49360382:49360928:clu_31498_-	block464	RHOA	GTEx_blood_sQTL	FinnGen_DEP	1816	TRUE	TRUE	1	
block464__QTD000360__ENSG00000067560__3:49360382:49360928:clu_31498_-	block464	RHOA	GTEx_blood_sQTL	deLange_IBD	1816	TRUE	TRUE	1	1
block464__QTD000360__ENSG00000067560__3:49360382:49360928:clu_31498_-	block464	RHOA	GTEx_blood_sQTL	FinnGen_IBD	1816	TRUE	TRUE	1	1
block464__QTD000360__ENSG00000114316__3:49292598:49294407:clu_31495_-	block464	USP4	GTEx_blood_sQTL	Howard_DEP	1923	TRUE	TRUE	1	
block464__QTD000360__ENSG00000114316__3:49292598:49294407:clu_31495_-	block464	USP4	GTEx_blood_sQTL	FinnGen_DEP	1923	TRUE	TRUE	1	
block464__QTD000360__ENSG00000114316__3:49292598:49294407:clu_31495_-	block464	USP4	GTEx_blood_sQTL	deLange_IBD	1923	TRUE	TRUE	1	1
block464__QTD000360__ENSG00000114316__3:49292598:49294407:clu_31495_-	block464	USP4	GTEx_blood_sQTL	FinnGen_IBD	1923	TRUE	TRUE	1	1
block464__QTD000360__ENSG00000164068__3:49700709:49701533:clu_21929_+	block464	RNF123	GTEx_blood_sQTL	Howard_DEP	1520	TRUE	TRUE	1	
block464__QTD000360__ENSG00000164068__3:49700709:49701533:clu_21929_+	block464	RNF123	GTEx_blood_sQTL	FinnGen_DEP	1520	TRUE	TRUE	1	
block464__QTD000360__ENSG00000164068__3:49700709:49701533:clu_21929_+	block464	RNF123	GTEx_blood_sQTL	deLange_IBD	1520	TRUE	TRUE	1	1
block464__QTD000360__ENSG00000164068__3:49700709:49701533:clu_21929_+	block464	RNF123	GTEx_blood_sQTL	FinnGen_IBD	1520	TRUE	TRUE	1	1
block464__QTD000360__ENSG00000173531__3:49684189:49684314:clu_31528_-	block464	MST1	GTEx_blood_sQTL	Howard_DEP	1542	TRUE	TRUE	1	
block464__QTD000360__ENSG00000173531__3:49684189:49684314:clu_31528_-	block464	MST1	GTEx_blood_sQTL	FinnGen_DEP	1542	TRUE	TRUE	1	
block464__QTD000360__ENSG00000173531__3:49684189:49684314:clu_31528_-	block464	MST1	GTEx_blood_sQTL	deLange_IBD	1542	TRUE	TRUE	1	1
block464__QTD000360__ENSG00000173531__3:49684189:49684314:clu_31528_-	block464	MST1	GTEx_blood_sQTL	FinnGen_IBD	1542	TRUE	TRUE	1	1
block464__QTD000360__ENSG00000233276__3:49357747:49358027:clu_31497_-	block464	GPX1	GTEx_blood_sQTL	Howard_DEP	1837	TRUE	TRUE	2	
block464__QTD000360__ENSG00000233276__3:49357747:49358027:clu_31497_-	block464	GPX1	GTEx_blood_sQTL	FinnGen_DEP	1837	TRUE	TRUE	2	
block464__QTD000360__ENSG00000233276__3:49357747:49358027:clu_31497_-	block464	GPX1	GTEx_blood_sQTL	deLange_IBD	1837	TRUE	TRUE	2	1
block464__QTD000360__ENSG00000233276__3:49357747:49358027:clu_31497_-	block464	GPX1	GTEx_blood_sQTL	FinnGen_IBD	1837	TRUE	TRUE	2	1
block464__QTD000021__ENSG00000164068__ENSG00000164068	block464	RNF123	BLUEPRINT_monocyte_eQTL	Howard_DEP	1571	TRUE	TRUE	1	
block464__QTD000021__ENSG00000164068__ENSG00000164068	block464	RNF123	BLUEPRINT_monocyte_eQTL	FinnGen_DEP	1571	TRUE	TRUE	1	
block464__QTD000021__ENSG00000164068__ENSG00000164068	block464	RNF123	BLUEPRINT_monocyte_eQTL	deLange_IBD	1571	TRUE	TRUE	1	1
block464__QTD000021__ENSG00000164068__ENSG00000164068	block464	RNF123	BLUEPRINT_monocyte_eQTL	FinnGen_IBD	1571	TRUE	TRUE	1	1
block464__QTD000021__ENSG00000173540__ENSG00000173540	block464	GMPPB	BLUEPRINT_monocyte_eQTL	Howard_DEP	1528	TRUE	TRUE	1	
block464__QTD000021__ENSG00000173540__ENSG00000173540	block464	GMPPB	BLUEPRINT_monocyte_eQTL	FinnGen_DEP	1528	TRUE	TRUE	1	
block464__QTD000021__ENSG00000173540__ENSG00000173540	block464	GMPPB	BLUEPRINT_monocyte_eQTL	deLange_IBD	1528	TRUE	TRUE	1	1
block464__QTD000021__ENSG00000173540__ENSG00000173540	block464	GMPPB	BLUEPRINT_monocyte_eQTL	FinnGen_IBD	1528	TRUE	TRUE	1	1
block464__QTD000025__ENSG00000233276__3:49357747:49358027:clu_18347_-	block464	GPX1	BLUEPRINT_monocyte_sQTL	Howard_DEP	1870	TRUE	TRUE	1	
block464__QTD000025__ENSG00000233276__3:49357747:49358027:clu_18347_-	block464	GPX1	BLUEPRINT_monocyte_sQTL	FinnGen_DEP	1870	TRUE	TRUE	1	
block464__QTD000025__ENSG00000233276__3:49357747:49358027:clu_18347_-	block464	GPX1	BLUEPRINT_monocyte_sQTL	deLange_IBD	1870	TRUE	TRUE	1	1
block464__QTD000025__ENSG00000233276__3:49357747:49358027:clu_18347_-	block464	GPX1	BLUEPRINT_monocyte_sQTL	FinnGen_IBD	1870	TRUE	TRUE	1	1
block464__QTD000031__ENSG00000047849__ENSG00000047849	block464	MAP4	BLUEPRINT_CD4_T_eQTL	Howard_DEP	1146	TRUE	TRUE	1	1
block464__QTD000031__ENSG00000047849__ENSG00000047849	block464	MAP4	BLUEPRINT_CD4_T_eQTL	FinnGen_DEP	1146	TRUE	TRUE	1	
block464__QTD000031__ENSG00000047849__ENSG00000047849	block464	MAP4	BLUEPRINT_CD4_T_eQTL	deLange_IBD	1146	TRUE	TRUE	1	2
block464__QTD000031__ENSG00000047849__ENSG00000047849	block464	MAP4	BLUEPRINT_CD4_T_eQTL	FinnGen_IBD	1146	TRUE	TRUE	1	3
block464__QTD000031__ENSG00000164068__ENSG00000164068	block464	RNF123	BLUEPRINT_CD4_T_eQTL	Howard_DEP	1562	TRUE	TRUE		
block464__QTD000031__ENSG00000164068__ENSG00000164068	block464	RNF123	BLUEPRINT_CD4_T_eQTL	FinnGen_DEP	1562	TRUE	TRUE		
block464__QTD000031__ENSG00000164068__ENSG00000164068	block464	RNF123	BLUEPRINT_CD4_T_eQTL	deLange_IBD	1562	TRUE	TRUE		1
block464__QTD000031__ENSG00000164068__ENSG00000164068	block464	RNF123	BLUEPRINT_CD4_T_eQTL	FinnGen_IBD	1562	TRUE	TRUE		1
block464__QTD000031__ENSG00000173540__ENSG00000173540	block464	GMPPB	BLUEPRINT_CD4_T_eQTL	Howard_DEP	1519	TRUE	TRUE	1	
block464__QTD000031__ENSG00000173540__ENSG00000173540	block464	GMPPB	BLUEPRINT_CD4_T_eQTL	FinnGen_DEP	1519	TRUE	TRUE	1	
block464__QTD000031__ENSG00000173540__ENSG00000173540	block464	GMPPB	BLUEPRINT_CD4_T_eQTL	deLange_IBD	1519	TRUE	TRUE	1	1
block464__QTD000031__ENSG00000173540__ENSG00000173540	block464	GMPPB	BLUEPRINT_CD4_T_eQTL	FinnGen_IBD	1519	TRUE	TRUE	1	1
block464__QTD000031__ENSG00000182179__ENSG00000182179	block464	UBA7	BLUEPRINT_CD4_T_eQTL	Howard_DEP	1460	TRUE	TRUE	1	
block464__QTD000031__ENSG00000182179__ENSG00000182179	block464	UBA7	BLUEPRINT_CD4_T_eQTL	FinnGen_DEP	1460	TRUE	TRUE	1	
block464__QTD000031__ENSG00000182179__ENSG00000182179	block464	UBA7	BLUEPRINT_CD4_T_eQTL	deLange_IBD	1460	TRUE	TRUE	1	1
block464__QTD000031__ENSG00000182179__ENSG00000182179	block464	UBA7	BLUEPRINT_CD4_T_eQTL	FinnGen_IBD	1460	TRUE	TRUE	1	1
block464__QTD000035__ENSG00000145022__3:49423154:49424603:clu_51417_-	block464	TCTA	BLUEPRINT_CD4_T_sQTL	Howard_DEP	1790	TRUE	TRUE	1	
block464__QTD000035__ENSG00000145022__3:49423154:49424603:clu_51417_-	block464	TCTA	BLUEPRINT_CD4_T_sQTL	FinnGen_DEP	1790	TRUE	TRUE	1	
block464__QTD000035__ENSG00000145022__3:49423154:49424603:clu_51417_-	block464	TCTA	BLUEPRINT_CD4_T_sQTL	deLange_IBD	1790	TRUE	TRUE	1	1
block464__QTD000035__ENSG00000145022__3:49423154:49424603:clu_51417_-	block464	TCTA	BLUEPRINT_CD4_T_sQTL	FinnGen_IBD	1790	TRUE	TRUE	1	1
block464__QTD000035__ENSG00000164068__3:49700709:49701533:clu_51437_-	block464	RNF123	BLUEPRINT_CD4_T_sQTL	Howard_DEP	1544	TRUE	TRUE	1	
block464__QTD000035__ENSG00000164068__3:49700709:49701533:clu_51437_-	block464	RNF123	BLUEPRINT_CD4_T_sQTL	FinnGen_DEP	1544	TRUE	TRUE	1	
block464__QTD000035__ENSG00000164068__3:49700709:49701533:clu_51437_-	block464	RNF123	BLUEPRINT_CD4_T_sQTL	deLange_IBD	1544	TRUE	TRUE	1	1
block464__QTD000035__ENSG00000164068__3:49700709:49701533:clu_51437_-	block464	RNF123	BLUEPRINT_CD4_T_sQTL	FinnGen_IBD	1544	TRUE	TRUE	1	1
block1671__QTD000226__ENSG00000134824__ENSG00000134824	block1671	FADS2	GTEx_colon_sigmoid_eQTL	Howard_DEP	1739	TRUE	TRUE	1	1
block1671__QTD000226__ENSG00000134824__ENSG00000134824	block1671	FADS2	GTEx_colon_sigmoid_eQTL	FinnGen_DEP	1739	TRUE	TRUE	1	1
block1671__QTD000226__ENSG00000134824__ENSG00000134824	block1671	FADS2	GTEx_colon_sigmoid_eQTL	deLange_IBD	1739	TRUE	TRUE	1	
block1671__QTD000226__ENSG00000134824__ENSG00000134824	block1671	FADS2	GTEx_colon_sigmoid_eQTL	FinnGen_IBD	1739	TRUE	TRUE	1	
block1671__QTD000226__ENSG00000149485__ENSG00000149485	block1671	FADS1	GTEx_colon_sigmoid_eQTL	Howard_DEP	1641	TRUE	TRUE	1	1
block1671__QTD000226__ENSG00000149485__ENSG00000149485	block1671	FADS1	GTEx_colon_sigmoid_eQTL	FinnGen_DEP	1641	TRUE	TRUE	1	1
block1671__QTD000226__ENSG00000149485__ENSG00000149485	block1671	FADS1	GTEx_colon_sigmoid_eQTL	deLange_IBD	1641	TRUE	TRUE	1	
block1671__QTD000226__ENSG00000149485__ENSG00000149485	block1671	FADS1	GTEx_colon_sigmoid_eQTL	FinnGen_IBD	1641	TRUE	TRUE	1	
block1671__QTD000230__ENSG00000134780__11:61729008:61731317:clu_61952_+	block1671	DAGLA	GTEx_colon_sigmoid_sQTL	Howard_DEP	1808	TRUE	TRUE	1	1
block1671__QTD000230__ENSG00000134780__11:61729008:61731317:clu_61952_+	block1671	DAGLA	GTEx_colon_sigmoid_sQTL	FinnGen_DEP	1808	TRUE	TRUE	1	1
block1671__QTD000230__ENSG00000134780__11:61729008:61731317:clu_61952_+	block1671	DAGLA	GTEx_colon_sigmoid_sQTL	FinnGen_IBD	1808	TRUE	TRUE	1	
block1671__QTD000231__ENSG00000134824__ENSG00000134824	block1671	FADS2	GTEx_colon_transverse_eQTL	Howard_DEP	1767	TRUE	TRUE	1	1
block1671__QTD000231__ENSG00000134824__ENSG00000134824	block1671	FADS2	GTEx_colon_transverse_eQTL	FinnGen_DEP	1767	TRUE	TRUE	1	1
block1671__QTD000231__ENSG00000134824__ENSG00000134824	block1671	FADS2	GTEx_colon_transverse_eQTL	deLange_IBD	1767	TRUE	TRUE	1	
block1671__QTD000231__ENSG00000134824__ENSG00000134824	block1671	FADS2	GTEx_colon_transverse_eQTL	FinnGen_IBD	1767	TRUE	TRUE	1	
block1671__QTD000235__ENSG00000134780__11:61729008:61731317:clu_61952_+	block1671	DAGLA	GTEx_colon_transverse_sQTL	Howard_DEP	1834	TRUE	TRUE	1	1
block1671__QTD000235__ENSG00000134780__11:61729008:61731317:clu_61952_+	block1671	DAGLA	GTEx_colon_transverse_sQTL	FinnGen_DEP	1834	TRUE	TRUE	1	1
block1671__QTD000235__ENSG00000134780__11:61729008:61731317:clu_61952_+	block1671	DAGLA	GTEx_colon_transverse_sQTL	deLange_IBD	1834	TRUE	TRUE	1	
block1671__QTD000235__ENSG00000134780__11:61729008:61731317:clu_61952_+	block1671	DAGLA	GTEx_colon_transverse_sQTL	FinnGen_IBD	1834	TRUE	TRUE	1	
block1671__QTD000321__ENSG00000134824__ENSG00000134824	block1671	FADS2	GTEx_small_intestine_eQTL	Howard_DEP	1652	TRUE	TRUE	1	1
block1671__QTD000321__ENSG00000134824__ENSG00000134824	block1671	FADS2	GTEx_small_intestine_eQTL	FinnGen_DEP	1652	TRUE	TRUE	1	1
block1671__QTD000321__ENSG00000134824__ENSG00000134824	block1671	FADS2	GTEx_small_intestine_eQTL	deLange_IBD	1652	TRUE	TRUE	1	
block1671__QTD000321__ENSG00000134824__ENSG00000134824	block1671	FADS2	GTEx_small_intestine_eQTL	FinnGen_IBD	1652	TRUE	TRUE	1	
block1671__QTD000356__ENSG00000124920__ENSG00000124920	block1671	MYRF	GTEx_blood_eQTL	Howard_DEP	1836	TRUE	TRUE	1	1
block1671__QTD000356__ENSG00000124920__ENSG00000124920	block1671	MYRF	GTEx_blood_eQTL	FinnGen_DEP	1836	TRUE	TRUE	1	1
block1671__QTD000356__ENSG00000124920__ENSG00000124920	block1671	MYRF	GTEx_blood_eQTL	deLange_IBD	1836	TRUE	TRUE	1	
block1671__QTD000356__ENSG00000124920__ENSG00000124920	block1671	MYRF	GTEx_blood_eQTL	FinnGen_IBD	1836	TRUE	TRUE	1	
block1671__QTD000356__ENSG00000134824__ENSG00000134824	block1671	FADS2	GTEx_blood_eQTL	Howard_DEP	1777	TRUE	TRUE	1	1
block1671__QTD000356__ENSG00000134824__ENSG00000134824	block1671	FADS2	GTEx_blood_eQTL	FinnGen_DEP	1777	TRUE	TRUE	1	1
block1671__QTD000356__ENSG00000134824__ENSG00000134824	block1671	FADS2	GTEx_blood_eQTL	deLange_IBD	1777	TRUE	TRUE	1	
block1671__QTD000356__ENSG00000134824__ENSG00000134824	block1671	FADS2	GTEx_blood_eQTL	FinnGen_IBD	1777	TRUE	TRUE	1	
block1671__QTD000356__ENSG00000167994__ENSG00000167994	block1671	RAB3IL1	GTEx_blood_eQTL	Howard_DEP	1487	TRUE	TRUE	1	1
block1671__QTD000356__ENSG00000167994__ENSG00000167994	block1671	RAB3IL1	GTEx_blood_eQTL	FinnGen_DEP	1487	TRUE	TRUE	1	1
block1671__QTD000356__ENSG00000167994__ENSG00000167994	block1671	RAB3IL1	GTEx_blood_eQTL	deLange_IBD	1487	TRUE	TRUE	1	
block1671__QTD000356__ENSG00000167994__ENSG00000167994	block1671	RAB3IL1	GTEx_blood_eQTL	FinnGen_IBD	1487	TRUE	TRUE	1	
block1671__QTD000360__ENSG00000167994__11:61908306:61917357:clu_26097_-	block1671	RAB3IL1	GTEx_blood_sQTL	Howard_DEP	1493	TRUE	TRUE	1	1
block1671__QTD000360__ENSG00000167994__11:61908306:61917357:clu_26097_-	block1671	RAB3IL1	GTEx_blood_sQTL	FinnGen_DEP	1493	TRUE	TRUE	1	1
block1671__QTD000360__ENSG00000167994__11:61908306:61917357:clu_26097_-	block1671	RAB3IL1	GTEx_blood_sQTL	deLange_IBD	1493	TRUE	TRUE	1	
block1671__QTD000360__ENSG00000167994__11:61908306:61917357:clu_26097_-	block1671	RAB3IL1	GTEx_blood_sQTL	FinnGen_IBD	1493	TRUE	TRUE	1	
block1671__QTD000021__ENSG00000134780__ENSG00000134780	block1671	DAGLA	BLUEPRINT_monocyte_eQTL	Howard_DEP	1707	TRUE	TRUE	1	1
block1671__QTD000021__ENSG00000134780__ENSG00000134780	block1671	DAGLA	BLUEPRINT_monocyte_eQTL	FinnGen_DEP	1707	TRUE	TRUE	1	1
block1671__QTD000021__ENSG00000134780__ENSG00000134780	block1671	DAGLA	BLUEPRINT_monocyte_eQTL	deLange_IBD	1707	TRUE	TRUE	1	
block1671__QTD000021__ENSG00000134780__ENSG00000134780	block1671	DAGLA	BLUEPRINT_monocyte_eQTL	FinnGen_IBD	1707	TRUE	TRUE	1	
block1671__QTD000021__ENSG00000134824__ENSG00000134824	block1671	FADS2	BLUEPRINT_monocyte_eQTL	Howard_DEP	1644	TRUE	TRUE	1	1
block1671__QTD000021__ENSG00000134824__ENSG00000134824	block1671	FADS2	BLUEPRINT_monocyte_eQTL	FinnGen_DEP	1644	TRUE	TRUE	1	1
block1671__QTD000021__ENSG00000134824__ENSG00000134824	block1671	FADS2	BLUEPRINT_monocyte_eQTL	deLange_IBD	1644	TRUE	TRUE	1	
block1671__QTD000021__ENSG00000134824__ENSG00000134824	block1671	FADS2	BLUEPRINT_monocyte_eQTL	FinnGen_IBD	1644	TRUE	TRUE	1	
block1671__QTD000021__ENSG00000134825__ENSG00000134825	block1671	TMEM258	BLUEPRINT_monocyte_eQTL	FinnGen_DEP	1644	TRUE	TRUE		1
block1671__QTD000021__ENSG00000134825__ENSG00000134825	block1671	TMEM258	BLUEPRINT_monocyte_eQTL	FinnGen_IBD	1644	TRUE	TRUE		
block1671__QTD000031__ENSG00000134824__ENSG00000134824	block1671	FADS2	BLUEPRINT_CD4_T_eQTL	Howard_DEP	1658	TRUE	TRUE	1	1
block1671__QTD000031__ENSG00000134824__ENSG00000134824	block1671	FADS2	BLUEPRINT_CD4_T_eQTL	FinnGen_DEP	1658	TRUE	TRUE	1	1
block1671__QTD000031__ENSG00000134824__ENSG00000134824	block1671	FADS2	BLUEPRINT_CD4_T_eQTL	deLange_IBD	1658	TRUE	TRUE	1	
block1671__QTD000031__ENSG00000134824__ENSG00000134824	block1671	FADS2	BLUEPRINT_CD4_T_eQTL	FinnGen_IBD	1658	TRUE	TRUE	1	
block1671__QTD000031__ENSG00000134825__ENSG00000134825	block1671	TMEM258	BLUEPRINT_CD4_T_eQTL	Howard_DEP	1658	TRUE	TRUE	1	1
block1671__QTD000031__ENSG00000134825__ENSG00000134825	block1671	TMEM258	BLUEPRINT_CD4_T_eQTL	FinnGen_DEP	1658	TRUE	TRUE	1	1
block1671__QTD000031__ENSG00000134825__ENSG00000134825	block1671	TMEM258	BLUEPRINT_CD4_T_eQTL	deLange_IBD	1658	TRUE	TRUE	1	
block1671__QTD000031__ENSG00000134825__ENSG00000134825	block1671	TMEM258	BLUEPRINT_CD4_T_eQTL	FinnGen_IBD	1658	TRUE	TRUE	1	
block1671__QTD000031__ENSG00000149485__ENSG00000149485	block1671	FADS1	BLUEPRINT_CD4_T_eQTL	Howard_DEP	1564	TRUE	TRUE	2	1
block1671__QTD000031__ENSG00000149485__ENSG00000149485	block1671	FADS1	BLUEPRINT_CD4_T_eQTL	FinnGen_DEP	1564	TRUE	TRUE	2	1
block1671__QTD000031__ENSG00000149485__ENSG00000149485	block1671	FADS1	BLUEPRINT_CD4_T_eQTL	deLange_IBD	1564	TRUE	TRUE	2	
block1671__QTD000031__ENSG00000149485__ENSG00000149485	block1671	FADS1	BLUEPRINT_CD4_T_eQTL	FinnGen_IBD	1564	TRUE	TRUE	2	
