depression_cohort	IBD_cohort	overlap_class	use
Howard_2019	FinnGen_R12	no_known_overlap	primary_cross_cohort
FinnGen_R12	IIBDGC_deLange2017	no_known_overlap	primary_reciprocal_cross_cohort
Howard_2019	IIBDGC_deLange2017	no_known_overlap_but_meta_components_not_individually_auditable	discovery_support
FinnGen_R12	FinnGen_R12	known_or_probable_participant_and_control_overlap	sensitivity_only
UK_Biobank_Cai2020	FinnGen_R12	no_known_overlap	phenotype_definition_panel
UK_Biobank_Cai2020	IIBDGC_deLange2017	no_known_overlap_but_shared_UK_sampling_cannot_be_excluded	phenotype_definition_panel
BIONIC_2026	FinnGen_R12	no_known_overlap	future_clinical_anchor
BIONIC_2026	IIBDGC_deLange2017	possible_Dutch_consortium_overlap_to_audit	future_sensitivity
BIONIC_2026	Howard_2019	not_a_cross_disease_pair_partial_Dutch_PGC_overlap	trait_similarity_only
