pair_id	trait_1	trait_2	annotation	annotation_prop	covariance	covariance_se	covariance_z	covariance_p_two_sided	tau	tau_se	h2_trait_1	h2_trait_2	correlation_descriptive	estimable_positive_h2	covariance_enrichment
replication	IBD_FinnGen_R12	DEP_Howard2019_no23andMe	base	1	0.00468620196024629	0.00114756991344557	4.08358733122934	4.4345752679094e-05	-0.0139302006142516	0.00766853515585572	0.0316570171597791	0.0549377328566883	0.11237006677535	TRUE	1
replication	IBD_FinnGen_R12	DEP_Howard2019_no23andMe	Coding_UCSC	0.0142591398753162	0.000467286763419807	0.000655834920565142	0.71250668234796	0.476151074957539	0.000742203589258937	0.00108867328792873	0.00433197290247079	0.00342724228433961	0.121274141742876	TRUE	6.99309049878913
replication	IBD_FinnGen_R12	DEP_Howard2019_no23andMe	Coding_UCSC.flanking.500	0.0493628839626657	0.00091191496345468	0.000773454738408035	1.17901529096794	0.238392087091854	1.89757550387799e-05	0.000988621041518026	0.00572892539936915	-0.000195041810464753	NA	FALSE	3.94214700921923
replication	IBD_FinnGen_R12	DEP_Howard2019_no23andMe	Conserved_LindbladToh	0.0246705380614743	-0.000710235957672548	0.00100141497784559	-0.709232409525694	0.478180264506044	-0.00277437816657102	0.00186058454302188	0.00479178124595754	0.0121731035121993	-0.0929936955156792	TRUE	-6.14331851625023
replication	IBD_FinnGen_R12	DEP_Howard2019_no23andMe	Conserved_LindbladToh.flanking.500	0.3055313572411	0.00305366674558432	0.00182583322901844	1.67247845917777	0.0944300120439188	0.00187938833402346	0.00379349010253348	0.0172813680231231	0.0184928120658486	0.170817004654444	TRUE	2.13277405516343
replication	IBD_FinnGen_R12	DEP_Howard2019_no23andMe	CTCF_Hoffman	0.0238146642288857	5.15246333582248e-05	0.00101702844583152	0.0506619392696516	0.959594905743874	-0.000345256580472079	0.00104305830995059	0.00233865751042618	0.00124893202556395	0.0301482561402728	TRUE	0.461688913611017
replication	IBD_FinnGen_R12	DEP_Howard2019_no23andMe	CTCF_Hoffman.flanking.500	0.046979790339429	0.00018654762468047	0.0013423429530482	0.138971657173643	0.889472545982032	5.0519091838441e-05	0.00141912696002563	-0.000389336549023112	0.00201744466224951	NA	FALSE	0.847339881841533
replication	IBD_FinnGen_R12	DEP_Howard2019_no23andMe	DGF_ENCODE	0.135362603144791	0.00584816546719332	0.00225346739424792	2.59518530515287	0.00945399333189947	0.00386824210759774	0.00307262462429571	0.0345653847185926	0.0112685830397421	0.296322275331502	TRUE	9.21934257640246
replication	IBD_FinnGen_R12	DEP_Howard2019_no23andMe	DGF_ENCODE.flanking.500	0.402860920166699	-0.00280475607496724	0.00273247609390857	-1.02645219155615	0.304678487689203	-0.00486209744338914	0.00456440924802045	-0.000587844340923332	0.0191227738375753	NA	FALSE	-1.48565837540548
replication	IBD_FinnGen_R12	DEP_Howard2019_no23andMe	DHS_peaks_Trynka	0.109959824926663	0.00419439506366817	0.00252685411803811	1.6599276680542	0.0969290046225554	0.00371024677865703	0.00500740510853064	0.0128989710822459	0.00719059347266945	0.435521331162179	TRUE	8.13981046568379
replication	IBD_FinnGen_R12	DEP_Howard2019_no23andMe	DHS_Trynka	0.165742769149422	0.00294586575726614	0.0025259982527753	1.16621844612502	0.243526136416966	-0.00666692157985088	0.00556095100427491	0.0101454792776321	0.0120537272759247	0.266388816033132	TRUE	3.7927774507562
replication	IBD_FinnGen_R12	DEP_Howard2019_no23andMe	DHS_Trynka.flanking.500	0.330062660633612	0.000630947269621915	0.00252878053880196	0.249506534845778	0.802968986642595	0.00217305940267058	0.00448794376716664	0.0163507068519402	0.0259170156787137	0.0306501287709121	TRUE	0.407920628186029
replication	IBD_FinnGen_R12	DEP_Howard2019_no23andMe	Enhancer_Andersson	0.00431375844865067	-7.93414322754966e-06	0.000509712112031937	-0.0155659303364809	0.987580686041557	-0.000166860182957213	0.000511576600569433	0.00389857133776849	0.000697120268085689	-0.00481275150555969	TRUE	-0.392485134067639
replication	IBD_FinnGen_R12	DEP_Howard2019_no23andMe	Enhancer_Andersson.flanking.500	0.0147088846313276	-0.000173062437126312	0.00068113387470683	-0.254079915201399	0.799433819669637	-0.000381656832022285	0.000714072696075637	0.00436523856195607	0.00119963885320959	-0.0756264234858706	TRUE	-2.51074191198043
replication	IBD_FinnGen_R12	DEP_Howard2019_no23andMe	Enhancer_Hoffman	0.0419232233194921	0.00166825180861229	0.00105626389257815	1.57938922302872	0.114246807769755	0.00123700766548075	0.00119504084079023	0.00685594822350062	0.00524648073127139	0.278159437039016	TRUE	8.49152976901538
replication	IBD_FinnGen_R12	DEP_Howard2019_no23andMe	Enhancer_Hoffman.flanking.500	0.0478821316458762	0.00101631492800103	0.00131004635153807	0.775785472634473	0.43787566294803	0.00122658519411484	0.00148519886745703	0.0104924542987547	0.000900910324071955	0.330558995168088	TRUE	4.52932857251969
replication	IBD_FinnGen_R12	DEP_Howard2019_no23andMe	FetalDHS_Trynka	0.0836828878411061	0.00303940145607709	0.00178772348370181	1.7001518880221	0.0891023593486978	0.00170428617664949	0.00266196710457308	0.0167400200116963	0.00844014905383666	0.255702528524645	TRUE	7.75051224658912
replication	IBD_FinnGen_R12	DEP_Howard2019_no23andMe	FetalDHS_Trynka.flanking.500	0.199517409282322	-0.000477672597246643	0.00198252646140432	-0.24094134759154	0.809600575207166	-0.00172528875934695	0.00310111221432149	0.00607551543544282	0.0171636258371676	-0.0467772023761047	TRUE	-0.510891326300013
replication	IBD_FinnGen_R12	DEP_Howard2019_no23andMe	H3K27ac_Hnisz	0.389043808427187	0.00336678663804471	0.00110420215189071	3.04906726751057	0.00229553075746409	-0.000244155500275094	0.00243897708799313	0.028507558789642	0.0218781140737644	0.134812648045161	TRUE	1.84669887900944
replication	IBD_FinnGen_R12	DEP_Howard2019_no23andMe	H3K27ac_Hnisz.flanking.500	0.0314153673807392	-0.000286032938286754	0.000859713246971203	-0.332707375737733	0.739355181420883	-7.88205584870027e-06	0.00093150284457004	0.00276834743499983	-0.00320768026331626	NA	FALSE	-1.94291098272357
replication	IBD_FinnGen_R12	DEP_Howard2019_no23andMe	H3K27ac_PGC2	0.268521272457252	0.00292150092466426	0.00154731309833075	1.88811232052258	0.0590108731942014	-0.000833937950232594	0.00276975716986212	0.0253414084031192	0.0142775322344162	0.153590402813082	TRUE	2.32170122329203
replication	IBD_FinnGen_R12	DEP_Howard2019_no23andMe	H3K27ac_PGC2.flanking.500	0.0666234535935042	-0.000104783369095759	0.00148436082897183	-0.0705915752090675	0.943722815695424	-0.000201105160595828	0.00159292742766491	0.00169107732551928	0.00202876573463288	-0.0565711066333888	TRUE	-0.335617204114218
replication	IBD_FinnGen_R12	DEP_Howard2019_no23andMe	H3K4me1_peaks_Trynka	0.168870181117464	0.00337175576714269	0.00185482880598788	1.81782585878425	0.0690907530103185	6.07559059647034e-05	0.00327464469051317	0.0198455308576699	0.01863391632061	0.175336639371132	TRUE	4.26071159902156
replication	IBD_FinnGen_R12	DEP_Howard2019_no23andMe	H3K4me1_Trynka	0.423455069727212	0.00511386564527201	0.00161656781563282	3.16340928961903	0.00155932937428561	0.00633993391884549	0.00516771479949165	0.0308424744962802	0.0293709092346497	0.169908854147407	TRUE	2.57703890876624
replication	IBD_FinnGen_R12	DEP_Howard2019_no23andMe	H3K4me1_Trynka.flanking.500	0.182245600226399	-0.000781356958169381	0.00186443121526287	-0.419085966686744	0.675153306289342	0.000466672927412343	0.00232734290038293	-0.00130046957246724	0.0100652645099478	NA	FALSE	-0.914895371032908
replication	IBD_FinnGen_R12	DEP_Howard2019_no23andMe	H3K4me3_peaks_Trynka	0.0413684654276123	0.00207152062472397	0.00123707804091087	1.67452703565791	0.0940270655956528	0.00150558217010753	0.00190105664980144	0.00492857526109099	0.00538996090292844	0.401916427798803	TRUE	10.6855984341993
replication	IBD_FinnGen_R12	DEP_Howard2019_no23andMe	H3K4me3_Trynka	0.13288674232645	0.00361776528803064	0.00134730391339375	2.6851887328953	0.00724888599376117	-0.000544987297381292	0.00235596233844691	0.0192025488491576	0.0130543451718169	0.22849852569296	TRUE	5.80948628974012
replication	IBD_FinnGen_R12	DEP_Howard2019_no23andMe	H3K4me3_Trynka.flanking.500	0.122154433391225	-0.00112442216167981	0.00164980303506797	-0.681549335150473	0.495523960851484	-0.00121832099695271	0.00189208151536812	0.00620895787737943	0.00272016541187933	-0.273603962558171	TRUE	-1.96426085458018
replication	IBD_FinnGen_R12	DEP_Howard2019_no23andMe	H3K9ac_peaks_Trynka	0.0381863661076646	0.000489050751769942	0.00130182651860395	0.375665071175836	0.707165908156399	-0.00176468058854138	0.00189815133047569	0.00464075651988276	0.0108178435014733	0.0690222626390931	TRUE	2.73290539191095
replication	IBD_FinnGen_R12	DEP_Howard2019_no23andMe	H3K9ac_Trynka	0.125302311178078	0.00484850926268876	0.00142285512197906	3.40759167099524	0.000655388896456961	0.00421692727179492	0.00265280168324253	0.0164233925999905	0.0108189967528652	0.363733496167741	TRUE	8.25711145408432
replication	IBD_FinnGen_R12	DEP_Howard2019_no23andMe	H3K9ac_Trynka.flanking.500	0.104469785154196	-0.00324319682479186	0.00140270173215991	-2.31210723593954	0.0207717745050279	-0.00380853630773357	0.0016773145184702	0.00536347302091382	0.00617268409329063	-0.563654826803826	TRUE	-6.62462963755614
replication	IBD_FinnGen_R12	DEP_Howard2019_no23andMe	Intron_UCSC	0.387451332870001	0.00241974342128533	0.000794157924764173	3.04692976778375	0.00231191720816859	0.00102289207736033	0.000877344774463013	0.013422368777648	0.0247285822641063	0.132817446163915	TRUE	1.33269619321522
replication	IBD_FinnGen_R12	DEP_Howard2019_no23andMe	Intron_UCSC.flanking.500	0.00934029775082329	0.000187906855625519	0.000654639701457412	0.287038588107604	0.774082773809251	0.000457138125690658	0.00074384875698277	0.00231925824893454	0.000628837539288611	0.15559614774276	TRUE	4.29300014327901
replication	IBD_FinnGen_R12	DEP_Howard2019_no23andMe	PromoterFlanking_Hoffman	0.00827691393569606	0.000734988180262515	0.000556438767247392	1.32087881636712	0.18654177413541	0.000410130310474499	0.000581166368058658	-0.00013502195677679	0.000263215731163329	NA	FALSE	18.9492015137832
replication	IBD_FinnGen_R12	DEP_Howard2019_no23andMe	PromoterFlanking_Hoffman.flanking.500	0.0248872744377394	-0.000696215960608466	0.000931434200645906	-0.747466605934883	0.454781953148944	-0.0013026603542369	0.00101065543601094	0.00522910801668525	0.00289933702932495	-0.178805476985759	TRUE	-5.96960557009136
replication	IBD_FinnGen_R12	DEP_Howard2019_no23andMe	Promoter_UCSC	0.0463352847994828	0.000723819038694146	0.000977636123379807	0.740376732594347	0.459071432931951	-0.000417438672124994	0.00103233235649424	0.0105153487416308	0.00388361214647917	0.113266175497146	TRUE	3.33347470603719
replication	IBD_FinnGen_R12	DEP_Howard2019_no23andMe	Promoter_UCSC.flanking.500	0.0105898869666117	0.000583721846616141	0.000739508797584522	0.789337258086405	0.429914915926019	0.000475285710674662	0.000738960086046537	-0.000828126994906313	0.000918281278188578	NA	FALSE	11.7623370981843
replication	IBD_FinnGen_R12	DEP_Howard2019_no23andMe	Repressed_Hoffman	0.460018093796861	0.00332550829218871	0.00196745206780738	1.69026140285837	0.0909779557686249	0.00711218828105782	0.00325134217511505	0.000883910680246119	0.0260514938148433	0.693006852173785	TRUE	1.54263123159278
replication	IBD_FinnGen_R12	DEP_Howard2019_no23andMe	Repressed_Hoffman.flanking.500	0.25843749512469	-0.000971223884983211	0.00212171606682286	-0.457753938036373	0.647129231937386	0.000411155237675314	0.00266304302153107	0.00894775026517159	0.0120357444575191	-0.0935892459253383	TRUE	-0.801941761061842
replication	IBD_FinnGen_R12	DEP_Howard2019_no23andMe	SuperEnhancer_Hnisz	0.167206746204891	0.00240056873809493	0.000637355954680288	3.76644906267347	0.000165585847958336	0.000555404240470146	0.00100435871915626	0.016819353515188	0.0102392212408749	0.182926250758447	TRUE	3.06365141273109
replication	IBD_FinnGen_R12	DEP_Howard2019_no23andMe	SuperEnhancer_Hnisz.flanking.500	0.00317337618406085	-0.000679199141404426	0.000374018885024569	-1.81594878921638	0.069378228128302	-0.000696089053607049	0.000384535494909115	0.000801388979841756	-0.000495092113226525	NA	FALSE	-45.6724773197037
replication	IBD_FinnGen_R12	DEP_Howard2019_no23andMe	TFBS_ENCODE	0.130971510741451	0.00414963539669693	0.00182167495973051	2.27792305895823	0.0227311621566083	0.00248777552548002	0.00246190353184731	0.0247072859584207	0.0136912034928617	0.22561948625623	TRUE	6.76101813940965
replication	IBD_FinnGen_R12	DEP_Howard2019_no23andMe	TFBS_ENCODE.flanking.500	0.210069887416189	-0.0009464924005554	0.00231211958662957	-0.409361352253895	0.682274497418031	-0.00092164432751696	0.00307205720992098	-0.000558210669512169	0.0069118689346818	NA	FALSE	-0.961462449543907
replication	IBD_FinnGen_R12	DEP_Howard2019_no23andMe	Transcr_Hoffman	0.345192604324092	-1.87621680820475e-05	0.00166213848490649	-0.0112879692350683	0.990993694886199	0.00135093624738058	0.00236117070494678	0.0124979615644499	0.0168827089063738	-0.00129164261066063	TRUE	-0.0115984655922079
replication	IBD_FinnGen_R12	DEP_Howard2019_no23andMe	Transcr_Hoffman.flanking.500	0.416710575913174	0.0034934255198527	0.00208040395528879	1.67920538267183	0.0931120233060489	0.00250487224228046	0.0034520261641109	0.00788835707874695	0.0266304994814532	0.241028585307794	TRUE	1.78894078066925
replication	IBD_FinnGen_R12	DEP_Howard2019_no23andMe	TSS_Hoffman	0.0178069398920579	0.000143532799666168	0.000708299312635813	0.20264427355158	0.839413082576424	-0.000872810099830048	0.000832103919328936	0.00472511379693845	0.00296330376935585	0.0383580864104332	TRUE	1.72004916977064
replication	IBD_FinnGen_R12	DEP_Howard2019_no23andMe	TSS_Hoffman.flanking.500	0.0165316845264486	0.00107268758777321	0.000696423865173911	1.54027976554958	0.123492173840518	0.000721437683493012	0.000791532105885637	0.00469276864655533	0.00288315777771166	0.291624816603546	TRUE	13.8463448887519
replication	IBD_FinnGen_R12	DEP_Howard2019_no23andMe	UTR_3_UCSC	0.0111681302243406	0.00108976586450773	0.000514539361477219	2.11794460462472	0.0341797594149781	0.000622463472967954	0.000729158647223547	0.00220761186603579	0.00263461336654977	0.451869880996323	TRUE	20.8224452759687
replication	IBD_FinnGen_R12	DEP_Howard2019_no23andMe	UTR_3_UCSC.flanking.500	0.0152752174535187	-3.92851360493664e-05	0.00049378123978929	-0.0795597987200373	0.936587369791436	-0.000122369601343227	0.000510572407354148	0.00145857669900528	-0.000832616392837806	NA	FALSE	-0.548807273658513
replication	IBD_FinnGen_R12	DEP_Howard2019_no23andMe	UTR_5_UCSC	0.00546017980731599	0.000264787637193178	0.00035137137094905	0.753583413691304	0.451099406918505	6.96711658720367e-05	0.000350422497198207	0.00111851854709401	0.000773730963195775	0.284630293671088	TRUE	10.3483178183874
replication	IBD_FinnGen_R12	DEP_Howard2019_no23andMe	UTR_5_UCSC.flanking.500	0.021387283915762	0.000768866192309202	0.000520188827668056	1.47805210610911	0.139393831997221	0.000618740664313199	0.000603412216560248	0.00455174075648117	0.000703127861926391	0.42977866430789	TRUE	7.67139118124375
replication	IBD_FinnGen_R12	DEP_Howard2019_no23andMe	WeakEnhancer_Hoffman	0.0209056661632411	0.00119639675257827	0.000984815498565391	1.21484354614758	0.224425768715928	0.000564707741110174	0.00104653839762162	0.00339474346090043	0.00379454330825421	0.333343497928229	TRUE	12.2120960994653
replication	IBD_FinnGen_R12	DEP_Howard2019_no23andMe	WeakEnhancer_Hoffman.flanking.500	0.0678186909626131	-0.000816084053010785	0.00129561969794585	-0.629879318988937	0.528773544709607	-0.0015500573914402	0.00147203267413134	0.00657217961446795	0.00558218161168007	-0.134734308746658	TRUE	-2.56781946901874
replication	IBD_FinnGen_R12	DEP_Howard2019_no23andMe	GERP.RSsup4	0.0081499252074974	0.00048267356641759	0.000626873177576346	0.769970041282881	0.441317664087	0.000537858602388197	0.000780418003132489	0.00143928580471278	0.0071449521266255	0.150515190535829	TRUE	12.6380157074098
replication	IBD_FinnGen_R12	DEP_Howard2019_no23andMe	MAFbin1	0.102357276496064	0.000504024412827808	0.000428188125572579	1.17710973921526	0.239151708332041	0.000310898851816677	0.00049862913317261	0.0017241312396488	0.00216048404118647	0.261150511354331	TRUE	1.05078012387764
replication	IBD_FinnGen_R12	DEP_Howard2019_no23andMe	MAFbin2	0.0998554140226758	0.000119478955235492	0.000425957827074791	0.280494799346681	0.779097914913944	-6.9594946410786e-05	0.00046697006232137	0.000787527356852815	0.00223914865729391	0.08997402063971	TRUE	0.255328208641682
replication	IBD_FinnGen_R12	DEP_Howard2019_no23andMe	MAFbin3	0.0996066368972879	0.000849059855026511	0.000436395536916744	1.94561993237913	0.0517004108908999	0.000673674875155618	0.000501212572245674	0.00374219467050287	0.00264569749730832	0.269839190904571	TRUE	1.81898462810346
replication	IBD_FinnGen_R12	DEP_Howard2019_no23andMe	MAFbin4	0.100695686862236	0.000554712338983641	0.00047871913333133	1.15874277913959	0.24656104778943	0.000364096701684577	0.000511089152413491	0.00280221002046783	0.00531865619322849	0.143686685464386	TRUE	1.17553606159151
replication	IBD_FinnGen_R12	DEP_Howard2019_no23andMe	MAFbin5	0.098317122559556	0.000417236949799685	0.000422896604907567	0.986616929428602	0.323830467679101	0.000235456460628333	0.000458405455740961	0.00349773313435582	0.00533560653798323	0.096582296623823	TRUE	0.905592049171756
replication	IBD_FinnGen_R12	DEP_Howard2019_no23andMe	MAFbin6	0.0996422004512881	4.99569234418026e-05	0.00051073299996816	0.0978141679603963	0.922079856929057	-0.00012794390287728	0.00051672430145537	0.00142495652749632	0.00686575212902393	0.015971687974574	TRUE	0.106987089676002
replication	IBD_FinnGen_R12	DEP_Howard2019_no23andMe	MAFbin7	0.0997337933780998	0.00172018733157082	0.000519099950900117	3.31378827639652	0.000920411732987814	0.00156266106226141	0.000539843420816536	0.00557384825017483	0.00614331752430346	0.293965722587839	TRUE	3.68054732083602
replication	IBD_FinnGen_R12	DEP_Howard2019_no23andMe	MAFbin8	0.100229334597517	-9.23801686879908e-05	0.000564252703297249	-0.1637212691196	0.869950573140704	-0.000247347664666576	0.000611301218223834	0.00504474149361524	0.00703306362790904	-0.0155091151096205	TRUE	-0.196681224022514
replication	IBD_FinnGen_R12	DEP_Howard2019_no23andMe	MAFbin9	0.101099970660068	0.00052168232863705	0.000558770796475321	0.933624899382319	0.350497416717441	0.000361334382530241	0.000574913270770184	0.00298190952453676	0.00901352280959739	0.100626325376548	TRUE	1.10111859007684
replication	IBD_FinnGen_R12	DEP_Howard2019_no23andMe	MAFbin10	0.0984625640752075	4.22430334114716e-05	0.000535169130619333	0.0789339873968163	0.937085129536595	-0.000107875312763962	0.000561936772499777	0.0040777649421278	0.00818248383885407	0.00731309852937669	TRUE	0.0915509708756864
replication	IBD_FinnGen_R12	DEP_Howard2019_no23andMe	synonymous	0.00312003085306062	-0.000323733609202213	0.000442814570078668	-0.731081656018455	0.464729278238876	-0.000605017724388023	0.000544488402380422	0.00101725344945346	0.000314303494413183	-0.572530462109538	TRUE	-22.1415438346178
replication	IBD_FinnGen_R12	DEP_Howard2019_no23andMe	non_synonymous	0.00271541155000227	-0.000237504817348941	0.000280482059572438	-0.846773650018787	0.397121298033192	-0.000521152385219318	0.000361114753232861	5.5502961211542e-05	9.39942531268172e-05	-3.28824141604964	TRUE	-18.6644742327052
replication	IBD_FinnGen_R12	DEP_Howard2019_no23andMe	Conserved_Vertebrate_phastCons46way	0.0294360542974948	0.000316601215296259	0.00108648919066502	0.291398403239036	0.770746635617916	0.000253142391380257	0.00146790200314507	0.00104953167674085	0.011403955087915	0.0915138977184601	TRUE	2.29515479161952
replication	IBD_FinnGen_R12	DEP_Howard2019_no23andMe	Conserved_Vertebrate_phastCons46way.flanking.500	0.377534469387581	0.0014645788231537	0.00195059590881264	0.750836611794807	0.452750992603156	-0.00210451871397208	0.00707903382785878	0.0227539119781319	0.0236071943927366	0.0631920617585959	TRUE	0.827818522314409
replication	IBD_FinnGen_R12	DEP_Howard2019_no23andMe	Conserved_Mammal_phastCons46way	0.0214394549784698	0.000254544662541309	0.00100028093167218	0.254473172967302	0.799130026942376	0.000912410725415274	0.00208536855919141	0.000872020706616666	0.0109914305972964	0.0822192451228912	TRUE	2.53354867680895
replication	IBD_FinnGen_R12	DEP_Howard2019_no23andMe	Conserved_Mammal_phastCons46way.flanking.500	0.317780149799729	0.00125432305350816	0.00190008933039872	0.660138991067828	0.509164639028492	-0.00473420383226762	0.00667110164449107	0.0226479278434581	0.0198574194290404	0.0591471418870124	TRUE	0.842289986331973
replication	IBD_FinnGen_R12	DEP_Howard2019_no23andMe	Conserved_Primate_phastCons46way	0.0192690716687812	0.000382569296652838	0.000872565747979597	0.43844179941588	0.661066051397502	0.000807466799159001	0.00118817458774461	0.00129813368221692	0.0135653327032556	0.0911664782464068	TRUE	4.23670591500629
replication	IBD_FinnGen_R12	DEP_Howard2019_no23andMe	Conserved_Primate_phastCons46way.flanking.500	0.156550261450835	0.00304755613240454	0.00156902603832761	1.94232349110844	0.0520979509315942	0.00370573220740795	0.00218930352868881	0.0152699997607717	0.0257484829319747	0.15369380954492	TRUE	4.15409969406336
replication	IBD_FinnGen_R12	DEP_Howard2019_no23andMe	BivFlnk	0.013549378568832	0.000385916766819844	0.000634586525394463	0.60813892412852	0.543095338207527	-0.000254651154591908	0.000709624529818515	0.00445179182335242	0.00431912466476403	0.0880092569241411	TRUE	6.07789606539988
replication	IBD_FinnGen_R12	DEP_Howard2019_no23andMe	BivFlnk.flanking.500	0.0176299608851232	0.000899884707878011	0.000723869733116859	1.24315835668838	0.21380948484475	0.000683531200854397	0.000737359071026377	0.00421823797937686	0.00139430979694143	0.371057909506791	TRUE	10.8921727745799
replication	IBD_FinnGen_R12	DEP_Howard2019_no23andMe	Human_Promoter_Villar	0.0152170072967354	0.00050515849951749	0.000575610640380708	0.877604519581811	0.38015837574203	-0.000318777703003	0.000688429053007895	0.00460634082729269	0.00365144188232817	0.123173543044722	TRUE	7.0839814349191
replication	IBD_FinnGen_R12	DEP_Howard2019_no23andMe	Human_Promoter_Villar.flanking.500	0.00358889940697774	0.00019999465838351	0.000445984751851077	0.448433847913913	0.653840118256632	7.30839239355728e-05	0.000507493303915783	0.00140060543029915	-4.41391838471486e-05	NA	FALSE	11.8914854626904
replication	IBD_FinnGen_R12	DEP_Howard2019_no23andMe	Human_Enhancer_Villar	0.033227431108615	-0.000291357726673617	0.000580291396499622	-0.50208865482259	0.615605160306751	-0.000733212242109622	0.000704605370822561	0.00623513446849422	0.000540231798975451	-0.158749934910028	TRUE	-1.87115072523064
replication	IBD_FinnGen_R12	DEP_Howard2019_no23andMe	Human_Enhancer_Villar.flanking.500	0.00979775912704224	0.000829465021775631	0.000585647224595573	1.41632195448109	0.156681262752131	0.000693648816351317	0.000622251299025275	0.00199622035389605	0.00068524507981332	0.709203506229461	TRUE	18.0655137664336
replication	IBD_FinnGen_R12	DEP_Howard2019_no23andMe	Ancient_Sequence_Age_Human_Promoter	0.00417066546958402	0.000440710638054192	0.00046097311827997	0.95604411749348	0.339049945874491	0.000265571011964918	0.000495231097723208	0.00364639628144271	0.00283345774127791	0.13710813751667	TRUE	22.5489942628737
replication	IBD_FinnGen_R12	DEP_Howard2019_no23andMe	Ancient_Sequence_Age_Human_Promoter.flanking.500	0.0053204418805135	7.48143018257156e-06	0.000500690941832198	0.0149422119665166	0.988078283395668	-0.000181585029528239	0.000604940154489453	0.00134320444775417	0.000191081299726363	0.014767414785665	TRUE	0.300065401416527
replication	IBD_FinnGen_R12	DEP_Howard2019_no23andMe	Ancient_Sequence_Age_Human_Enhancer	0.00513809478995611	-0.000597254313261041	0.000424623676040932	-1.40654972146082	0.159560950972819	-0.000706922949713832	0.000432982698445336	0.00189205630249197	0.00122779037192651	-0.391859297235774	TRUE	-24.8048257993813
replication	IBD_FinnGen_R12	DEP_Howard2019_no23andMe	Ancient_Sequence_Age_Human_Enhancer.flanking.500	0.00902676811673703	0.000662556823650832	0.000641844178353361	1.03227051984893	0.301945407311275	0.000476791854756104	0.000713375513749434	0.00326211968178392	-6.1008422839413e-05	NA	FALSE	15.6628159074336
replication	IBD_FinnGen_R12	DEP_Howard2019_no23andMe	Human_Promoter_Villar_ExAC	0.00249666214237869	0.00022046355103602	0.000334772970424035	0.658546449424436	0.510187060120237	0.000142899646964277	0.00034310437038852	0.00178099417118941	0.0024012359369194	0.106607591580897	TRUE	18.8432591520071
replication	IBD_FinnGen_R12	DEP_Howard2019_no23andMe	Human_Promoter_Villar_ExAC.flanking.500	0.00057706898943645	0.000128256469729052	0.000187548993312343	0.68385581529331	0.494066217280819	0.000112896507870247	0.000203216485514132	0.000129146675302821	-0.000609816473915003	NA	FALSE	47.4275339503753
