locus	target_gene	pqtl_study_locus_id	pqtl_variant_rsids	max_ibd_h4	max_depression_h4	n_ibd_coloc	n_depression_coloc	same_pqtl_signal_supports_both
block464	MST1	27c2e105376c6ff987772675b95019e6	rs199513607			0.0	0.0	False
block464	MST1	292d40453f2fbca2dde3bf82db972a49	rs182599282			0.0	0.0	False
block464	MST1	489ec7363a5422efa4c518ca32565bf7	rs114201921			0.0	0.0	False
block464	MST1	4b8de244ef30c1311f051b6aee470591	rs73082910			0.0	0.0	False
block464	MST1	4d449daa04671711484d846762c348fe	rs9858428	0.4657738466763877		0.0	0.0	False
block464	MST1	5b58a23c6877fa57758a85d15fc24af3	rs147753161			0.0	0.0	False
block464	MST1	5bcbce6f6543787296544e4e0db6aa80	rs140225710			0.0	0.0	False
block464	MST1	5eed7837608ca3479c42ba459900efaf	rs6773098			0.0	0.0	False
block464	MST1	6f772786d32751f688c9d7ab602cc35a	rs587725514			0.0	0.0	False
block464	MST1	71119c77722894a2f558f9a2edbd6ae8	rs2291903			0.0	0.0	False
block464	MST1	98b406df157f8dc17c0448097db6d4db	rs142690032			0.0	0.0	False
block464	MST1	9fbee1f5c8afd1478ddf9279e8ced804	rs116643069			0.0	0.0	False
block464	MST1	abe5e9d9f4dd40bb85b76b5b799be041	rs5030977			0.0	0.0	False
block464	MST1	b3772139f3934768445ce3c0cee2745c	rs11130213	0.987180003581675		20.0	0.0	False
block464	MST1	b9a65ed9fbf625e75954298805e7bf1d	rs147347968			0.0	0.0	False
block464	MST1	bb93c66cb4822bf54d74c9940b434f28	rs11717033			0.0	0.0	False
block464	MST1	c3aa07d38ce2f709985b31e31b7637e7	rs6774202		0.9273496414563182	0.0	3.0	False
block464	MST1	c9467a045dcbae1d0bf1db4d7ef398f5	rs9879725			0.0	0.0	False
block464	MST1	d2e600a62191796c2fb349dd6d30936e	rs115163905			0.0	0.0	False
block464	MST1	db582a33ebdbfd47f47ae9c30bdf9b9f	rs116482870			0.0	0.0	False
block464	MST1	dea4d9f4111bb59f4099126cbd808159	rs62262721			0.0	0.0	False
block464	MST1	e1c15d8867cd17608ee5e979cc523a87	rs111812549		0.995343862691702	0.0	1.0	False
block464	MST1	e2d66bb49fddec506d3eeee04083711f	rs71278637			0.0	0.0	False
block464	MST1	e678ee695571532efb0862d0d6a8ba8c	rs113465792		0.9943524156155772	0.0	1.0	False
block464	MST1	eae73c519e0439c0e3198fb3da54e151	rs78284520	0.9587196423592472		2.0	0.0	False
block464	MST1	ef4f2c008350857e26f73f175c107106	rs137950269			0.0	0.0	False
block464	MST1	f06ef7832bc7517ab80beb29855f751d	rs182132166			0.0	0.0	False
block464	MST1	f451b7e6fa1fee972ee426bbbc429a6b	rs35441946			0.0	0.0	False
block464	MST1	f83c3130cde573fb8c85242bc83b435a	rs72094481			0.0	0.0	False
block464	MST1	f8bb52a6cac013f37ef1c0896b219f5d	rs112345627	0.931657972763824		1.0	0.0	False
block464	MST1	ff32640a3453648b176d90342008ffd6	rs115954573			0.0	0.0	False
