locus	pair_type	trait1	trait2	ridge	p12	nsnps	PP.H0	PP.H1	PP.H2	PP.H3	PP.H4	status	message
block154	external_disease_pair	Howard_DEP	deLange_IBD	0	1e-05	2090	4.14328723816455e-16	8.93377730777153e-18	0.970781135571103	0.0209237377768155	0.00829512665208012	ok	
block154	external_disease_pair	Howard_DEP	deLange_IBD	0	1e-06	2090	4.17445208604565e-16	9.00097511347416e-18	0.978083126641681	0.0210811212907829	0.000835752067532944	ok	
block154	finngen_disease_pair	FinnGen_DEP	FinnGen_IBD	0	1e-05	2090	4.70182712360526e-13	4.13121973589942e-14	0.86855956601676	0.0762600546687436	0.0551803793139839	ok	
block154	finngen_disease_pair	FinnGen_DEP	FinnGen_IBD	0	1e-06	2090	4.94753320671903e-13	4.3471072607074e-14	0.913948382599479	0.0802452201880431	0.0058063972119407	ok	
block154	cross_howard_finngen_ibd	Howard_DEP	FinnGen_IBD	0	1e-05	2090	5.1104693938416e-13	1.10192204591126e-14	0.944047273999614	0.020319963238972	0.0356327627608922	ok	
block154	cross_howard_finngen_ibd	Howard_DEP	FinnGen_IBD	0	1e-06	2090	5.27978953290986e-13	1.13843094160701e-14	0.975325460679149	0.0209932045278506	0.00368133479246213	ok	
block154	cross_finngen_dep_delange	FinnGen_DEP	deLange_IBD	0	1e-05	2090	3.80528524132919e-16	3.34348096525756e-17	0.891586538756598	0.0783083750055013	0.0301050862379017	ok	
block154	cross_finngen_dep_delange	FinnGen_DEP	deLange_IBD	0	1e-06	2090	3.91125915610313e-16	3.43659402890184e-17	0.916416455538022	0.0804891957673162	0.00309434869466284	ok	
block154	depression_cross_cohort	Howard_DEP	FinnGen_DEP	0	1e-05	2090	0.89880023288412	0.019379976968039	0.0789723050871064	0.00170165908851916	0.00114582597221534	ok	
block154	depression_cross_cohort	Howard_DEP	FinnGen_DEP	0	1e-06	2090	0.899728071497148	0.0193999830720571	0.0790538288243495	0.00170341572470012	0.000114700881745941	ok	
block154	ibd_cross_cohort	deLange_IBD	FinnGen_IBD	0	1e-05	2090	3.5369620142092e-30	8.28717827959939e-15	6.53376253809118e-18	0.0143230696075134	0.985676930392472	ok	
block154	ibd_cross_cohort	deLange_IBD	FinnGen_IBD	0	1e-06	2090	3.13308363880599e-29	7.34088253573919e-14	5.78768571042001e-17	0.126875479195139	0.873124520804789	ok	
block154	external_disease_pair	Howard_DEP	deLange_IBD	1e-04	1e-05	2090	4.14328723816455e-16	8.93377730777153e-18	0.970781135571103	0.0209237377768155	0.00829512665208012	ok	
block154	external_disease_pair	Howard_DEP	deLange_IBD	1e-04	1e-06	2090	4.17445208604565e-16	9.00097511347416e-18	0.978083126641681	0.0210811212907829	0.000835752067532944	ok	
block154	finngen_disease_pair	FinnGen_DEP	FinnGen_IBD	1e-04	1e-05	2090	4.70182712360526e-13	4.13121973589942e-14	0.86855956601676	0.0762600546687436	0.0551803793139839	ok	
block154	finngen_disease_pair	FinnGen_DEP	FinnGen_IBD	1e-04	1e-06	2090	4.94753320671903e-13	4.3471072607074e-14	0.913948382599479	0.0802452201880431	0.0058063972119407	ok	
block154	cross_howard_finngen_ibd	Howard_DEP	FinnGen_IBD	1e-04	1e-05	2090	5.1104693938416e-13	1.10192204591126e-14	0.944047273999614	0.020319963238972	0.0356327627608922	ok	
block154	cross_howard_finngen_ibd	Howard_DEP	FinnGen_IBD	1e-04	1e-06	2090	5.27978953290986e-13	1.13843094160701e-14	0.975325460679149	0.0209932045278506	0.00368133479246213	ok	
block154	cross_finngen_dep_delange	FinnGen_DEP	deLange_IBD	1e-04	1e-05	2090	3.80528524132919e-16	3.34348096525756e-17	0.891586538756598	0.0783083750055013	0.0301050862379017	ok	
block154	cross_finngen_dep_delange	FinnGen_DEP	deLange_IBD	1e-04	1e-06	2090	3.91125915610313e-16	3.43659402890184e-17	0.916416455538022	0.0804891957673162	0.00309434869466284	ok	
block154	depression_cross_cohort	Howard_DEP	FinnGen_DEP	1e-04	1e-05	2090	0.89880023288412	0.019379976968039	0.0789723050871064	0.00170165908851916	0.00114582597221534	ok	
block154	depression_cross_cohort	Howard_DEP	FinnGen_DEP	1e-04	1e-06	2090	0.899728071497148	0.0193999830720571	0.0790538288243495	0.00170341572470012	0.000114700881745941	ok	
block154	ibd_cross_cohort	deLange_IBD	FinnGen_IBD	1e-04	1e-05	2090	3.5369620142092e-30	8.28717827959939e-15	6.53376253809118e-18	0.0143230696075134	0.985676930392472	ok	
block154	ibd_cross_cohort	deLange_IBD	FinnGen_IBD	1e-04	1e-06	2090	3.13308363880599e-29	7.34088253573919e-14	5.78768571042001e-17	0.126875479195139	0.873124520804789	ok	
block464	external_disease_pair	Howard_DEP	deLange_IBD	0	1e-05	2608	9.45176701363848e-33	4.42806570092753e-30	0.00212988888844997	0.997833269896375	3.68412151687343e-05	ok	
block464	external_disease_pair	Howard_DEP	deLange_IBD	0	1e-06	2608	9.45208041715419e-33	4.42821252758507e-30	0.002129959511717	0.997866356244613	3.68424367568608e-06	ok	
block464	finngen_disease_pair	FinnGen_DEP	FinnGen_IBD	0	1e-05	2608	6.06387424538842e-34	6.69435481904216e-32	0.00109498675953522	0.120004706342047	0.878900306898424	ok	
block464	finngen_disease_pair	FinnGen_DEP	FinnGen_IBD	0	1e-06	2608	2.90151790020083e-33	3.2031980795971e-31	0.00523942871290668	0.574213431000151	0.420547140286947	ok	
block464	cross_howard_finngen_ibd	Howard_DEP	FinnGen_IBD	0	1e-05	2608	1.17949968848022e-33	5.52584729107009e-31	0.00212988675143449	0.997832267720003	3.78455285654498e-05	ok	
block464	cross_howard_finngen_ibd	Howard_DEP	FinnGen_IBD	0	1e-06	2608	1.1795398647589e-33	5.52603551323146e-31	0.00212995929992646	0.997866256018307	3.78468176649867e-06	ok	
block464	cross_finngen_dep_delange	FinnGen_DEP	deLange_IBD	0	1e-05	2608	5.04717319491095e-33	5.57194407941226e-31	0.0011373448044595	0.124685644392756	0.874177010802778	ok	
block464	cross_finngen_dep_delange	FinnGen_DEP	deLange_IBD	0	1e-06	2608	2.36689029112736e-32	2.61298351274393e-30	0.00533361997177674	0.584717880206169	0.409948499822052	ok	
block464	depression_cross_cohort	Howard_DEP	FinnGen_DEP	0	1e-05	2608	1.14603922394896e-05	0.00536908809978426	0.00126519662037658	0.592331929252097	0.401022325635502	ok	
block464	depression_cross_cohort	Howard_DEP	FinnGen_DEP	0	1e-06	2608	1.79326436573132e-05	0.00840127821510236	0.00197971584877105	0.926851122732585	0.0627499505598838	ok	
block464	ibd_cross_cohort	deLange_IBD	FinnGen_IBD	0	1e-05	2608	3.91987841827655e-62	8.83316894620338e-33	7.07833769848528e-32	0.0149654991834632	0.98503450081655	ok	
block464	ibd_cross_cohort	deLange_IBD	FinnGen_IBD	0	1e-06	2608	3.45458245948662e-61	7.78465739165771e-32	6.23812747392845e-31	0.131890700322751	0.868109299677255	ok	
block464	external_disease_pair	Howard_DEP	deLange_IBD	1e-04	1e-05	2608	9.45176701363848e-33	4.42806570092753e-30	0.00212988888844997	0.997833269896375	3.68412151687343e-05	ok	
block464	external_disease_pair	Howard_DEP	deLange_IBD	1e-04	1e-06	2608	9.45208041715419e-33	4.42821252758507e-30	0.002129959511717	0.997866356244613	3.68424367568608e-06	ok	
block464	finngen_disease_pair	FinnGen_DEP	FinnGen_IBD	1e-04	1e-05	2608	6.06387424538842e-34	6.69435481904216e-32	0.00109498675953522	0.120004706342047	0.878900306898424	ok	
block464	finngen_disease_pair	FinnGen_DEP	FinnGen_IBD	1e-04	1e-06	2608	2.90151790020083e-33	3.2031980795971e-31	0.00523942871290668	0.574213431000151	0.420547140286947	ok	
block464	cross_howard_finngen_ibd	Howard_DEP	FinnGen_IBD	1e-04	1e-05	2608	1.17949968848022e-33	5.52584729107009e-31	0.00212988675143449	0.997832267720003	3.78455285654498e-05	ok	
block464	cross_howard_finngen_ibd	Howard_DEP	FinnGen_IBD	1e-04	1e-06	2608	1.1795398647589e-33	5.52603551323146e-31	0.00212995929992646	0.997866256018307	3.78468176649867e-06	ok	
block464	cross_finngen_dep_delange	FinnGen_DEP	deLange_IBD	1e-04	1e-05	2608	5.04717319491095e-33	5.57194407941226e-31	0.0011373448044595	0.124685644392756	0.874177010802778	ok	
block464	cross_finngen_dep_delange	FinnGen_DEP	deLange_IBD	1e-04	1e-06	2608	2.36689029112736e-32	2.61298351274393e-30	0.00533361997177674	0.584717880206169	0.409948499822052	ok	
block464	depression_cross_cohort	Howard_DEP	FinnGen_DEP	1e-04	1e-05	2608	1.14603922394896e-05	0.00536908809978426	0.00126519662037658	0.592331929252097	0.401022325635502	ok	
block464	depression_cross_cohort	Howard_DEP	FinnGen_DEP	1e-04	1e-06	2608	1.79326436573132e-05	0.00840127821510236	0.00197971584877105	0.926851122732585	0.0627499505598838	ok	
block464	ibd_cross_cohort	deLange_IBD	FinnGen_IBD	1e-04	1e-05	2608	3.91987841827655e-62	8.83316894620338e-33	7.07833769848528e-32	0.0149654991834632	0.98503450081655	ok	
block464	ibd_cross_cohort	deLange_IBD	FinnGen_IBD	1e-04	1e-06	2608	3.45458245948662e-61	7.78465739165771e-32	6.23812747392845e-31	0.131890700322751	0.868109299677255	ok	
block1671	external_disease_pair	Howard_DEP	deLange_IBD	0	1e-05	1928	0.0123315778216258	0.260344772467873	0.0321646698012411	0.679045703632759	0.0161132762765008	ok	
block1671	external_disease_pair	Howard_DEP	deLange_IBD	0	1e-06	1928	0.0125130413040582	0.264175836888701	0.0326379841717012	0.68903809875805	0.00163503887749032	ok	
block1671	finngen_disease_pair	FinnGen_DEP	FinnGen_IBD	0	1e-05	1928	2.68276728801379e-05	0.000185336330509532	0.00581931257476674	0.0392474255256278	0.954721097896215	ok	
block1671	finngen_disease_pair	FinnGen_DEP	FinnGen_IBD	0	1e-06	1928	0.000190603765608841	0.00131676730430821	0.0413447299346867	0.278842936883117	0.67830496211228	ok	
block1671	cross_howard_finngen_ibd	Howard_DEP	FinnGen_IBD	0	1e-05	1928	0.000202384894911653	0.00427275813191618	0.0439002282890581	0.926798578912994	0.0248260497711202	ok	
block1671	cross_howard_finngen_ibd	Howard_DEP	FinnGen_IBD	0	1e-06	1928	0.000207010216250236	0.00437040810411782	0.0449035277831368	0.947979711257311	0.00253934263918369	ok	
block1671	cross_finngen_dep_delange	FinnGen_DEP	deLange_IBD	0	1e-05	1928	0.00839991601613398	0.0580299908223168	0.021909647648113	0.150599577678806	0.76106086783463	ok	
block1671	cross_finngen_dep_delange	FinnGen_DEP	deLange_IBD	0	1e-06	1928	0.0266625725797738	0.184195751377968	0.0695444537175198	0.478025275804186	0.241571946520552	ok	
block1671	depression_cross_cohort	Howard_DEP	FinnGen_DEP	0	1e-05	1928	0.0054151182148652	0.114324195972989	0.037409809777481	0.789744318838338	0.0531065571963265	ok	
block1671	depression_cross_cohort	Howard_DEP	FinnGen_DEP	0	1e-06	1928	0.00568693016892393	0.120062701001062	0.0392875958373806	0.829385548815728	0.00557722417690546	ok	
block1671	ibd_cross_cohort	deLange_IBD	FinnGen_IBD	0	1e-05	1928	0.000288516308693355	0.000752542126857473	0.0625833851003736	0.162463424234191	0.773912132229884	ok	
block1671	ibd_cross_cohort	deLange_IBD	FinnGen_IBD	0	1e-06	1928	0.000950695869215152	0.00247971663942983	0.206219766105709	0.535336484157479	0.255013337228166	ok	
block1671	external_disease_pair	Howard_DEP	deLange_IBD	1e-04	1e-05	1928	0.0123315778216258	0.260344772467873	0.0321646698012411	0.679045703632759	0.0161132762765008	ok	
block1671	external_disease_pair	Howard_DEP	deLange_IBD	1e-04	1e-06	1928	0.0125130413040582	0.264175836888701	0.0326379841717012	0.68903809875805	0.00163503887749032	ok	
block1671	finngen_disease_pair	FinnGen_DEP	FinnGen_IBD	1e-04	1e-05	1928	2.68276728801379e-05	0.000185336330509532	0.00581931257476674	0.0392474255256278	0.954721097896215	ok	
block1671	finngen_disease_pair	FinnGen_DEP	FinnGen_IBD	1e-04	1e-06	1928	0.000190603765608841	0.00131676730430821	0.0413447299346867	0.278842936883117	0.67830496211228	ok	
block1671	cross_howard_finngen_ibd	Howard_DEP	FinnGen_IBD	1e-04	1e-05	1928	0.000202384894911653	0.00427275813191618	0.0439002282890581	0.926798578912994	0.0248260497711202	ok	
block1671	cross_howard_finngen_ibd	Howard_DEP	FinnGen_IBD	1e-04	1e-06	1928	0.000207010216250236	0.00437040810411782	0.0449035277831368	0.947979711257311	0.00253934263918369	ok	
block1671	cross_finngen_dep_delange	FinnGen_DEP	deLange_IBD	1e-04	1e-05	1928	0.00839991601613398	0.0580299908223168	0.021909647648113	0.150599577678806	0.76106086783463	ok	
block1671	cross_finngen_dep_delange	FinnGen_DEP	deLange_IBD	1e-04	1e-06	1928	0.0266625725797738	0.184195751377968	0.0695444537175198	0.478025275804186	0.241571946520552	ok	
block1671	depression_cross_cohort	Howard_DEP	FinnGen_DEP	1e-04	1e-05	1928	0.0054151182148652	0.114324195972989	0.037409809777481	0.789744318838338	0.0531065571963265	ok	
block1671	depression_cross_cohort	Howard_DEP	FinnGen_DEP	1e-04	1e-06	1928	0.00568693016892393	0.120062701001062	0.0392875958373806	0.829385548815728	0.00557722417690546	ok	
block1671	ibd_cross_cohort	deLange_IBD	FinnGen_IBD	1e-04	1e-05	1928	0.000288516308693355	0.000752542126857473	0.0625833851003736	0.162463424234191	0.773912132229884	ok	
block1671	ibd_cross_cohort	deLange_IBD	FinnGen_IBD	1e-04	1e-06	1928	0.000950695869215152	0.00247971663942983	0.206219766105709	0.535336484157479	0.255013337228166	ok	
